shop_id,shop_postcode,warehouse_postcode,distance_km
2,AB10,AB10,0.0
3,AB11,AB11,0.0
4,AB12,AB12,0.0
5,AB13,AB13,0.0
6,AB14,AB14,0.0
7,AB15,AB15,0.0
8,AB16,AB16,0.0
9,AB21,AB21,0.0
10,AB22,AB22,0.0
11,AB23,AB23,0.0
12,AB24,AB24,0.0
13,AB25,AB25,0.0
14,AB30,AB30,0.0
15,AB31,AB31,0.0
16,AB32,AB32,0.0
17,AB33,AB33,0.0
18,AB34,AB34,0.0
19,AB35,AB35,0.0
20,AB36,AB36,0.0
21,AB37,AB37,0.0
22,AB38,AB38,0.0
23,AB39,AB39,0.0
24,AB41,AB41,0.0
25,AB42,AB42,0.0
26,AB43,AB43,0.0
27,AB44,AB44,0.0
28,AB45,AB45,0.0
29,AB51,AB51,0.0
30,AB52,AB52,0.0
31,AB53,AB53,0.0
32,AB54,AB54,0.0
33,AB55,AB55,0.0
34,AB56,AB56,0.0
35,AL1,AL1,0.0
36,AL10,AL10,0.0
37,AL2,AL2,0.0
38,AL3,AL3,0.0
39,AL4,AL4,0.0
40,AL5,AL5,0.0
41,AL6,AL6,0.0
42,AL7,AL7,0.0
43,AL8,AL8,0.0
44,AL9,AL9,0.0
45,B1,B1,0.0
46,B10,B10,0.0
47,B11,B11,0.0
48,B12,B12,0.0
49,B13,B13,0.0
50,B14,B14,0.0
51,B15,B15,0.0
52,B16,B16,0.0
53,B17,B17,0.0
54,B18,B18,0.0
55,B19,B19,0.0
56,B2,B2,0.0
57,B20,B20,0.0
58,B21,B21,0.0
59,B23,B23,0.0
60,B24,B24,0.0
61,B25,B25,0.0
62,B26,B26,0.0
63,B27,B27,0.0
64,B28,B28,0.0
65,B29,B29,0.0
66,B3,B3,0.0
67,B30,B30,0.0
68,B31,B31,0.0
69,B32,B32,0.0
70,B33,B33,0.0
71,B34,B34,0.0
72,B35,B35,0.0
73,B36,B36,0.0
74,B37,B37,0.0
75,B38,B38,0.0
76,B4,B4,0.0
77,B40,B40,0.0
78,B42,B42,0.0
79,B43,B43,0.0
80,B44,B44,0.0
81,B45,B45,0.0
82,B46,B46,0.0
83,B47,B47,0.0
84,B48,B48,0.0
85,B49,B49,0.0
86,B5,B5,0.0
87,B50,B50,0.0
88,B6,B6,0.0
89,B60,B60,0.0
90,B61,B61,0.0
91,B62,B62,0.0
92,B63,B63,0.0
93,B64,B64,0.0
94,B65,B65,0.0
95,B66,B66,0.0
96,B67,B67,0.0
97,B68,B68,0.0
98,B69,B69,0.0
99,B7,B7,0.0
100,B70,B70,0.0
101,B71,B71,0.0
102,B72,B72,0.0
103,B73,B73,0.0
104,B74,B74,0.0
105,B75,B75,0.0
106,B76,B76,0.0
107,B77,B77,0.0
108,B78,B78,0.0
109,B79,B79,0.0
110,B8,B8,0.0
111,B80,B80,0.0
112,B9,B9,0.0
113,B90,B90,0.0
114,B91,B91,0.0
115,B92,B92,0.0
116,B93,B93,0.0
117,B94,B94,0.0
118,B95,B95,0.0
119,B96,B96,0.0
120,B97,B97,0.0
121,B98,B98,0.0
122,BA1,BA1,0.0
123,BA10,BA10,0.0
124,BA11,BA11,0.0
125,BA12,BA12,0.0
126,BA13,BA13,0.0
127,BA14,BA14,0.0
128,BA15,BA15,0.0
129,BA16,BA16,0.0
130,BA2,BA2,0.0
131,BA20,BA20,0.0
132,BA21,BA21,0.0
133,BA22,BA22,0.0
134,BA3,BA3,0.0
135,BA4,BA4,0.0
136,BA5,BA5,0.0
137,BA6,BA6,0.0
138,BA7,BA7,0.0
139,BA8,BA8,0.0
140,BA9,BA9,0.0
141,BB1,BB1,0.0
142,BB10,BB10,0.0
143,BB11,BB11,0.0
144,BB12,BB12,0.0
145,BB18,BB18,0.0
146,BB2,BB2,0.0
147,BB3,BB3,0.0
148,BB4,BB4,0.0
149,BB5,BB5,0.0
150,BB6,BB6,0.0
151,BB7,BB7,0.0
152,BB8,BB8,0.0
153,BB9,BB9,0.0
154,BD1,BD1,0.0
155,BD10,BD10,0.0
156,BD11,BD11,0.0
157,BD12,BD12,0.0
158,BD13,BD13,0.0
159,BD14,BD14,0.0
160,BD15,BD15,0.0
161,BD16,BD16,0.0
162,BD17,BD17,0.0
163,BD18,BD18,0.0
164,BD19,BD19,0.0
165,BD2,BD2,0.0
166,BD20,BD20,0.0
167,BD21,BD21,0.0
168,BD22,BD22,0.0
169,BD23,BD23,0.0
170,BD24,BD24,0.0
171,BD3,BD3,0.0
172,BD4,BD4,0.0
173,BD5,BD5,0.0
174,BD6,BD6,0.0
175,BD7,BD7,0.0
176,BD8,BD8,0.0
177,BD9,BD9,0.0
178,BH1,BH1,0.0
179,BH10,BH10,0.0
180,BH11,BH11,0.0
181,BH12,BH12,0.0
182,BH13,BH13,0.0
183,BH14,BH14,0.0
184,BH15,BH15,0.0
185,BH16,BH16,0.0
186,BH17,BH17,0.0
187,BH18,BH18,0.0
188,BH19,BH19,0.0
189,BH2,BH2,0.0
190,BH20,BH20,0.0
191,BH21,BH21,0.0
192,BH22,BH22,0.0
193,BH23,BH23,0.0
194,BH24,BH24,0.0
195,BH25,BH25,0.0
196,BH3,BH3,0.0
197,BH31,BH31,0.0
198,BH4,BH4,0.0
199,BH5,BH5,0.0
200,BH6,BH6,0.0
201,BH7,BH7,0.0
202,BH8,BH8,0.0
203,BH9,BH9,0.0
204,BL0,BL0,0.0
205,BL1,BL1,0.0
206,BL2,BL2,0.0
207,BL3,BL3,0.0
208,BL4,BL4,0.0
209,BL5,BL5,0.0
210,BL6,BL6,0.0
211,BL7,BL7,0.0
212,BL8,BL8,0.0
213,BL9,BL9,0.0
214,BN1,BN1,0.0
215,BN10,BN10,0.0
216,BN11,BN11,0.0
217,BN12,BN12,0.0
218,BN13,BN13,0.0
219,BN14,BN14,0.0
220,BN15,BN15,0.0
221,BN16,BN16,0.0
222,BN17,BN17,0.0
223,BN18,BN18,0.0
224,BN2,BN2,0.0
225,BN20,BN20,0.0
226,BN21,BN21,0.0
227,BN22,BN22,0.0
228,BN23,BN23,0.0
229,BN24,BN24,0.0
230,BN25,BN25,0.0
231,BN26,BN26,0.0
232,BN27,BN27,0.0
233,BN3,BN3,0.0
234,BN41,BN41,0.0
235,BN42,BN42,0.0
236,BN43,BN43,0.0
237,BN44,BN44,0.0
238,BN45,BN45,0.0
239,BN5,BN5,0.0
240,BN6,BN6,0.0
241,BN7,BN7,0.0
242,BN8,BN8,0.0
243,BN9,BN9,0.0
244,BR1,BR1,0.0
245,BR2,BR2,0.0
246,BR3,BR3,0.0
247,BR4,BR4,0.0
248,BR5,BR5,0.0
249,BR6,BR6,0.0
250,BR7,BR7,0.0
251,BR8,BR8,0.0
252,BS1,BS1,0.0
253,BS10,BS10,0.0
254,BS11,BS11,0.0
255,BS13,BS13,0.0
256,BS14,BS14,0.0
257,BS15,BS15,0.0
258,BS16,BS16,0.0
259,BS2,BS2,0.0
260,BS20,BS20,0.0
261,BS21,BS21,0.0
262,BS22,BS22,0.0
263,BS23,BS23,0.0
264,BS24,BS24,0.0
265,BS25,BS25,0.0
266,BS26,BS26,0.0
267,BS27,BS27,0.0
268,BS28,BS28,0.0
269,BS29,BS29,0.0
270,BS3,BS3,0.0
271,BS30,BS30,0.0
272,BS31,BS31,0.0
273,BS32,BS32,0.0
274,BS34,BS34,0.0
275,BS35,BS35,0.0
276,BS36,BS36,0.0
277,BS37,BS37,0.0
278,BS39,BS39,0.0
279,BS4,BS4,0.0
280,BS40,BS40,0.0
281,BS41,BS41,0.0
282,BS48,BS48,0.0
283,BS49,BS49,0.0
284,BS5,BS5,0.0
285,BS6,BS6,0.0
286,BS7,BS7,0.0
287,BS8,BS8,0.0
288,BS9,BS9,0.0
289,BS99,BS99,0.0
290,BT1,BT1,0.0
291,BT10,BT10,0.0
292,BT11,BT11,0.0
293,BT12,BT12,0.0
294,BT13,BT13,0.0
295,BT14,BT14,0.0
296,BT15,BT15,0.0
297,BT16,BT16,0.0
298,BT17,BT17,0.0
299,BT18,BT18,0.0
300,BT19,BT19,0.0
301,BT2,BT2,0.0
302,BT20,BT20,0.0
303,BT21,BT21,0.0
304,BT22,BT22,0.0
305,BT23,BT23,0.0
306,BT24,BT24,0.0
307,BT25,BT25,0.0
308,BT26,BT26,0.0
309,BT27,BT27,0.0
310,BT28,BT28,0.0
311,BT29,BT29,0.0
312,BT3,BT3,0.0
313,BT30,BT30,0.0
314,BT31,BT31,0.0
315,BT32,BT32,0.0
316,BT33,BT33,0.0
317,BT34,BT34,0.0
318,BT35,BT35,0.0
319,BT36,BT36,0.0
320,BT37,BT37,0.0
321,BT38,BT38,0.0
322,BT39,BT39,0.0
323,BT4,BT4,0.0
324,BT40,BT40,0.0
325,BT41,BT41,0.0
326,BT42,BT42,0.0
327,BT43,BT43,0.0
328,BT44,BT44,0.0
329,BT45,BT45,0.0
330,BT46,BT46,0.0
331,BT47,BT47,0.0
332,BT48,BT48,0.0
333,BT49,BT49,0.0
334,BT5,BT5,0.0
335,BT51,BT51,0.0
336,BT52,BT52,0.0
337,BT53,BT53,0.0
338,BT54,BT54,0.0
339,BT55,BT55,0.0
340,BT56,BT56,0.0
341,BT57,BT57,0.0
342,BT6,BT6,0.0
343,BT60,BT60,0.0
344,BT61,BT61,0.0
345,BT62,BT62,0.0
346,BT63,BT63,0.0
347,BT64,BT64,0.0
348,BT65,BT65,0.0
349,BT66,BT66,0.0
350,BT67,BT67,0.0
351,BT68,BT68,0.0
352,BT69,BT69,0.0
353,BT7,BT7,0.0
354,BT70,BT70,0.0
355,BT71,BT71,0.0
356,BT74,BT74,0.0
357,BT75,BT75,0.0
358,BT76,BT76,0.0
359,BT77,BT77,0.0
360,BT78,BT78,0.0
361,BT79,BT79,0.0
362,BT8,BT8,0.0
363,BT80,BT80,0.0
364,BT81,BT81,0.0
365,BT82,BT82,0.0
366,BT9,BT9,0.0
367,BT92,BT92,0.0
368,BT93,BT93,0.0
369,BT94,BT94,0.0
370,CA1,CA1,0.0
371,CA10,CA10,0.0
372,CA11,CA11,0.0
373,CA12,CA12,0.0
374,CA13,CA13,0.0
375,CA14,CA14,0.0
376,CA15,CA15,0.0
377,CA16,CA16,0.0
378,CA17,CA17,0.0
379,CA18,CA18,0.0
380,CA19,CA19,0.0
381,CA2,CA2,0.0
382,CA20,CA20,0.0
383,CA21,CA21,0.0
384,CA22,CA22,0.0
385,CA23,CA23,0.0
386,CA24,CA24,0.0
387,CA25,CA25,0.0
388,CA26,CA26,0.0
389,CA27,CA27,0.0
390,CA28,CA28,0.0
391,CA3,CA3,0.0
392,CA4,CA4,0.0
393,CA5,CA5,0.0
394,CA6,CA6,0.0
395,CA7,CA7,0.0
396,CA8,CA8,0.0
397,CA9,CA9,0.0
398,CB1,CB1,0.0
399,CB10,CB10,0.0
400,CB11,CB11,0.0
401,CB2,CB2,0.0
402,CB21,CB21,0.0
403,CB22,CB22,0.0
404,CB23,CB23,0.0
405,CB24,CB24,0.0
406,CB25,CB25,0.0
407,CB3,CB3,0.0
408,CB4,CB4,0.0
409,CB5,CB5,0.0
410,CB6,CB6,0.0
411,CB7,CB7,0.0
412,CB8,CB8,0.0
413,CB9,CB9,0.0
414,CF10,CF10,0.0
415,CF11,CF11,0.0
416,CF14,CF14,0.0
417,CF15,CF15,0.0
418,CF23,CF23,0.0
419,CF24,CF24,0.0
420,CF3,CF3,0.0
421,CF31,CF31,0.0
422,CF32,CF32,0.0
423,CF33,CF33,0.0
424,CF34,CF34,0.0
425,CF35,CF35,0.0
426,CF36,CF36,0.0
427,CF37,CF37,0.0
428,CF38,CF38,0.0
429,CF39,CF39,0.0
430,CF40,CF40,0.0
431,CF41,CF41,0.0
432,CF42,CF42,0.0
433,CF43,CF43,0.0
434,CF44,CF44,0.0
435,CF45,CF45,0.0
436,CF46,CF46,0.0
437,CF47,CF47,0.0
438,CF48,CF48,0.0
439,CF5,CF5,0.0
440,CF61,CF61,0.0
441,CF62,CF62,0.0
442,CF63,CF63,0.0
443,CF64,CF64,0.0
444,CF71,CF71,0.0
445,CF72,CF72,0.0
446,CF81,CF81,0.0
447,CF82,CF82,0.0
448,CF83,CF83,0.0
449,CH1,CH1,0.0
450,CH2,CH2,0.0
451,CH3,CH3,0.0
452,CH4,CH4,0.0
453,CH41,CH41,0.0
454,CH42,CH42,0.0
455,CH43,CH43,0.0
456,CH44,CH44,0.0
457,CH45,CH45,0.0
458,CH46,CH46,0.0
459,CH47,CH47,0.0
460,CH48,CH48,0.0
461,CH49,CH49,0.0
462,CH5,CH5,0.0
463,CH6,CH6,0.0
464,CH60,CH60,0.0
465,CH61,CH61,0.0
466,CH62,CH62,0.0
467,CH63,CH63,0.0
468,CH64,CH64,0.0
469,CH65,CH65,0.0
470,CH66,CH66,0.0
471,CH7,CH7,0.0
472,CH8,CH8,0.0
473,CM0,CM0,0.0
474,CM1,CM1,0.0
475,CM11,CM11,0.0
476,CM12,CM12,0.0
477,CM13,CM13,0.0
478,CM14,CM14,0.0
479,CM15,CM15,0.0
480,CM16,CM16,0.0
481,CM17,CM17,0.0
482,CM18,CM18,0.0
483,CM19,CM19,0.0
484,CM2,CM2,0.0
485,CM20,CM20,0.0
486,CM21,CM21,0.0
487,CM22,CM22,0.0
488,CM23,CM23,0.0
489,CM24,CM24,0.0
490,CM3,CM3,0.0
491,CM4,CM4,0.0
492,CM5,CM5,0.0
493,CM6,CM6,0.0
494,CM7,CM7,0.0
495,CM77,CM77,0.0
496,CM8,CM8,0.0
497,CM9,CM9,0.0
498,CO1,CO1,0.0
499,CO10,CO10,0.0
500,CO11,CO11,0.0
501,CO12,CO12,0.0
502,CO13,CO13,0.0
503,CO14,CO14,0.0
504,CO15,CO15,0.0
505,CO16,CO16,0.0
506,CO2,CO2,0.0
507,CO3,CO3,0.0
508,CO4,CO4,0.0
509,CO5,CO5,0.0
510,CO6,CO6,0.0
511,CO7,CO7,0.0
512,CO8,CO8,0.0
513,CO9,CO9,0.0
514,CR0,CR0,0.0
515,CR2,CR2,0.0
516,CR3,CR3,0.0
517,CR4,CR4,0.0
518,CR5,CR5,0.0
519,CR6,CR6,0.0
520,CR7,CR7,0.0
521,CR8,CR8,0.0
522,CR9,CR0,0.0
523,CT1,CT1,0.0
524,CT10,CT10,0.0
525,CT11,CT11,0.0
526,CT12,CT12,0.0
527,CT13,CT13,0.0
528,CT14,CT14,0.0
529,CT15,CT15,0.0
530,CT16,CT16,0.0
531,CT17,CT17,0.0
532,CT18,CT18,0.0
533,CT19,CT19,0.0
534,CT2,CT2,0.0
535,CT20,CT20,0.0
536,CT21,CT21,0.0
537,CT3,CT3,0.0
538,CT4,CT4,0.0
539,CT5,CT5,0.0
540,CT6,CT6,0.0
541,CT7,CT7,0.0
542,CT8,CT8,0.0
543,CT9,CT9,0.0
544,CV1,CV1,0.0
545,CV10,CV10,0.0
546,CV11,CV11,0.0
547,CV12,CV12,0.0
548,CV13,CV13,0.0
549,CV2,CV2,0.0
550,CV21,CV21,0.0
551,CV22,CV22,0.0
552,CV23,CV23,0.0
553,CV3,CV3,0.0
554,CV31,CV31,0.0
555,CV32,CV32,0.0
556,CV33,CV33,0.0
557,CV34,CV34,0.0
558,CV35,CV35,0.0
559,CV36,CV36,0.0
560,CV37,CV37,0.0
561,CV4,CV4,0.0
562,CV47,CV47,0.0
563,CV5,CV5,0.0
564,CV6,CV6,0.0
565,CV7,CV7,0.0
566,CV8,CV8,0.0
567,CV9,CV9,0.0
568,CW1,CW1,0.0
569,CW10,CW10,0.0
570,CW11,CW11,0.0
571,CW12,CW12,0.0
572,CW2,CW2,0.0
573,CW3,CW3,0.0
574,CW4,CW4,0.0
575,CW5,CW5,0.0
576,CW6,CW6,0.0
577,CW7,CW7,0.0
578,CW8,CW8,0.0
579,CW9,CW9,0.0
580,DA1,DA1,0.0
581,DA10,DA10,0.0
582,DA11,DA11,0.0
583,DA12,DA12,0.0
584,DA13,DA13,0.0
585,DA14,DA14,0.0
586,DA15,DA15,0.0
587,DA16,DA16,0.0
588,DA17,DA17,0.0
589,DA18,DA18,0.0
590,DA2,DA2,0.0
591,DA3,DA3,0.0
592,DA4,DA4,0.0
593,DA5,DA5,0.0
594,DA6,DA6,0.0
595,DA7,DA7,0.0
596,DA8,DA8,0.0
597,DA9,DA9,0.0
598,DD1,DD1,0.0
599,DD10,DD10,0.0
600,DD11,DD11,0.0
601,DD2,DD2,0.0
602,DD3,DD3,0.0
603,DD4,DD4,0.0
604,DD5,DD5,0.0
605,DD6,DD6,0.0
606,DD7,DD7,0.0
607,DD8,DD8,0.0
608,DD9,DD9,0.0
609,DE1,DE1,0.0
610,DE11,DE11,0.0
611,DE12,DE12,0.0
612,DE13,DE13,0.0
613,DE14,DE14,0.0
614,DE15,DE15,0.0
615,DE21,DE21,0.0
616,DE22,DE22,0.0
617,DE23,DE23,0.0
618,DE24,DE24,0.0
619,DE3,DE3,0.0
620,DE4,DE4,0.0
621,DE45,DE45,0.0
622,DE5,DE5,0.0
623,DE55,DE55,0.0
624,DE56,DE56,0.0
625,DE6,DE6,0.0
626,DE65,DE65,0.0
627,DE7,DE7,0.0
628,DE72,DE72,0.0
629,DE73,DE73,0.0
630,DE74,DE74,0.0
631,DE75,DE75,0.0
632,DG1,DG1,0.0
633,DG10,DG10,0.0
634,DG11,DG11,0.0
635,DG12,DG12,0.0
636,DG13,DG13,0.0
637,DG14,DG14,0.0
638,DG16,DG16,0.0
639,DG2,DG2,0.0
640,DG3,DG3,0.0
641,DG4,DG4,0.0
642,DG5,DG5,0.0
643,DG6,DG6,0.0
644,DG7,DG7,0.0
645,DG8,DG8,0.0
646,DG9,DG9,0.0
647,DH1,DH1,0.0
648,DH2,DH2,0.0
649,DH3,DH3,0.0
650,DH4,DH4,0.0
651,DH5,DH5,0.0
652,DH6,DH6,0.0
653,DH7,DH7,0.0
654,DH8,DH8,0.0
655,DH9,DH9,0.0
656,DL1,DL1,0.0
657,DL10,DL10,0.0
658,DL11,DL11,0.0
659,DL12,DL12,0.0
660,DL13,DL13,0.0
661,DL14,DL14,0.0
662,DL15,DL15,0.0
663,DL16,DL16,0.0
664,DL17,DL17,0.0
665,DL2,DL2,0.0
666,DL3,DL3,0.0
667,DL4,DL4,0.0
668,DL5,DL5,0.0
669,DL6,DL6,0.0
670,DL7,DL7,0.0
671,DL8,DL8,0.0
672,DL9,DL9,0.0
673,DN1,DN1,0.0
674,DN10,DN10,0.0
675,DN11,DN11,0.0
676,DN12,DN12,0.0
677,DN14,DN14,0.0
678,DN15,DN15,0.0
679,DN16,DN16,0.0
680,DN17,DN17,0.0
681,DN18,DN18,0.0
682,DN19,DN19,0.0
683,DN2,DN2,0.0
684,DN20,DN20,0.0
685,DN21,DN21,0.0
686,DN22,DN22,0.0
687,DN3,DN3,0.0
688,DN31,DN31,0.0
689,DN32,DN32,0.0
690,DN33,DN33,0.0
691,DN34,DN34,0.0
692,DN35,DN35,0.0
693,DN36,DN36,0.0
694,DN37,DN37,0.0
695,DN38,DN38,0.0
696,DN39,DN39,0.0
697,DN4,DN4,0.0
698,DN40,DN40,0.0
699,DN41,DN41,0.0
700,DN5,DN5,0.0
701,DN6,DN6,0.0
702,DN7,DN7,0.0
703,DN8,DN8,0.0
704,DN9,DN9,0.0
705,DT1,DT1,0.0
706,DT10,DT10,0.0
707,DT11,DT11,0.0
708,DT2,DT2,0.0
709,DT3,DT3,0.0
710,DT4,DT4,0.0
711,DT5,DT5,0.0
712,DT6,DT6,0.0
713,DT7,DT7,0.0
714,DT8,DT8,0.0
715,DT9,DT9,0.0
716,DY1,DY1,0.0
717,DY10,DY10,0.0
718,DY11,DY11,0.0
719,DY12,DY12,0.0
720,DY13,DY13,0.0
721,DY14,DY14,0.0
722,DY2,DY2,0.0
723,DY3,DY3,0.0
724,DY4,DY4,0.0
725,DY5,DY5,0.0
726,DY6,DY6,0.0
727,DY7,DY7,0.0
728,DY8,DY8,0.0
729,DY9,DY9,0.0
730,E1,E1,0.0
731,E10,E10,0.0
732,E11,E11,0.0
733,E12,E12,0.0
734,E13,E13,0.0
735,E14,E14,0.0
736,E15,E15,0.0
737,E16,E16,0.0
738,E17,E17,0.0
739,E18,E18,0.0
740,E1W,E1W,0.0
741,E2,E2,0.0
742,E3,E3,0.0
743,E4,E4,0.0
744,E5,E5,0.0
745,E6,E6,0.0
746,E7,E7,0.0
747,E8,E8,0.0
748,E9,E9,0.0
749,EC1,EC1,0.0
750,EC1A,EC1A,0.0
751,EC1M,EC1M,0.0
752,EC1N,EC1N,0.0
753,EC1R,EC1R,0.0
754,EC1V,EC1V,0.0
755,EC1Y,EC1Y,0.0
756,EC2,EC2,0.0
757,EC2A,EC2A,0.0
758,EC2M,EC2M,0.0
759,EC2N,EC2N,0.0
760,EC2P,EC2P,0.0
761,EC2R,EC2R,0.0
762,EC2V,EC2V,0.0
763,EC2Y,EC2Y,0.0
764,EC3,EC3,0.0
765,EC3A,EC3A,0.0
766,EC3M,EC3M,0.0
767,EC3N,EC3N,0.0
768,EC3P,EC3P,0.0
769,EC3R,EC3R,0.0
770,EC3V,EC3V,0.0
771,EC4,EC4,0.0
772,EC4A,EC4A,0.0
773,EC4M,EC4,0.0
774,EC4N,EC4N,0.0
775,EC4R,EC4R,0.0
776,EC4V,EC4V,0.0
777,EC4Y,EC4Y,0.0
778,EH1,EH1,0.0
779,EH10,EH10,0.0
780,EH11,EH11,0.0
781,EH12,EH12,0.0
782,EH13,EH13,0.0
783,EH14,EH14,0.0
784,EH15,EH15,0.0
785,EH16,EH16,0.0
786,EH17,EH17,0.0
787,EH18,EH18,0.0
788,EH19,EH19,0.0
789,EH2,EH2,0.0
790,EH20,EH20,0.0
791,EH21,EH21,0.0
792,EH22,EH22,0.0
793,EH23,EH23,0.0
794,EH24,EH24,0.0
795,EH25,EH25,0.0
796,EH26,EH26,0.0
797,EH27,EH27,0.0
798,EH28,EH28,0.0
799,EH29,EH29,0.0
800,EH3,EH3,0.0
801,EH30,EH30,0.0
802,EH31,EH31,0.0
803,EH32,EH32,0.0
804,EH33,EH33,0.0
805,EH34,EH34,0.0
806,EH35,EH35,0.0
807,EH36,EH36,0.0
808,EH37,EH37,0.0
809,EH38,EH38,0.0
810,EH39,EH39,0.0
811,EH4,EH4,0.0
812,EH40,EH40,0.0
813,EH41,EH41,0.0
814,EH42,EH42,0.0
815,EH43,EH43,0.0
816,EH44,EH44,0.0
817,EH45,EH45,0.0
818,EH46,EH46,0.0
819,EH47,EH47,0.0
820,EH48,EH48,0.0
821,EH49,EH49,0.0
822,EH5,EH5,0.0
823,EH51,EH51,0.0
824,EH52,EH52,0.0
825,EH53,EH53,0.0
826,EH54,EH54,0.0
827,EH55,EH55,0.0
828,EH6,EH6,0.0
829,EH7,EH7,0.0
830,EH8,EH8,0.0
831,EH9,EH9,0.0
832,EN1,EN1,0.0
833,EN10,EN10,0.0
834,EN11,EN11,0.0
835,EN2,EN2,0.0
836,EN3,EN3,0.0
837,EN4,EN4,0.0
838,EN5,EN5,0.0
839,EN6,EN6,0.0
840,EN7,EN7,0.0
841,EN8,EN8,0.0
842,EN9,EN9,0.0
843,EX1,EX1,0.0
844,EX10,EX10,0.0
845,EX11,EX11,0.0
846,EX12,EX12,0.0
847,EX13,EX13,0.0
848,EX14,EX14,0.0
849,EX15,EX15,0.0
850,EX16,EX16,0.0
851,EX17,EX17,0.0
852,EX18,EX18,0.0
853,EX19,EX19,0.0
854,EX2,EX2,0.0
855,EX20,EX20,0.0
856,EX21,EX21,0.0
857,EX22,EX22,0.0
858,EX23,EX23,0.0
859,EX24,EX24,0.0
860,EX3,EX3,0.0
861,EX31,EX31,0.0
862,EX32,EX32,0.0
863,EX33,EX33,0.0
864,EX34,EX34,0.0
865,EX35,EX35,0.0
866,EX36,EX36,0.0
867,EX37,EX37,0.0
868,EX38,EX38,0.0
869,EX39,EX39,0.0
870,EX4,EX4,0.0
871,EX5,EX5,0.0
872,EX6,EX6,0.0
873,EX7,EX7,0.0
874,EX8,EX8,0.0
875,EX9,EX9,0.0
876,FK1,FK1,0.0
877,FK10,FK10,0.0
878,FK11,FK11,0.0
879,FK12,FK12,0.0
880,FK13,FK13,0.0
881,FK14,FK14,0.0
882,FK15,FK15,0.0
883,FK16,FK16,0.0
884,FK17,FK17,0.0
885,FK18,FK18,0.0
886,FK19,FK19,0.0
887,FK2,FK2,0.0
888,FK20,FK20,0.0
889,FK21,FK21,0.0
890,FK3,FK3,0.0
891,FK4,FK4,0.0
892,FK5,FK5,0.0
893,FK6,FK6,0.0
894,FK7,FK7,0.0
895,FK8,FK8,0.0
896,FK9,FK9,0.0
897,FY1,FY1,0.0
898,FY2,FY2,0.0
899,FY3,FY3,0.0
900,FY4,FY4,0.0
901,FY5,FY5,0.0
902,FY6,FY6,0.0
903,FY7,FY7,0.0
904,FY8,FY8,0.0
905,G1,G1,0.0
906,G11,G11,0.0
907,G12,G12,0.0
908,G13,G13,0.0
909,G14,G14,0.0
910,G15,G15,0.0
911,G2,G2,0.0
912,G20,G20,0.0
913,G21,G21,0.0
914,G22,G22,0.0
915,G23,G23,0.0
916,G3,G3,0.0
917,G31,G31,0.0
918,G32,G32,0.0
919,G33,G33,0.0
920,G34,G34,0.0
921,G4,G4,0.0
922,G40,G40,0.0
923,G41,G41,0.0
924,G42,G42,0.0
925,G43,G43,0.0
926,G44,G44,0.0
927,G45,G45,0.0
928,G46,G46,0.0
929,G5,G5,0.0
930,G51,G51,0.0
931,G52,G52,0.0
932,G53,G53,0.0
933,G60,G60,0.0
934,G61,G61,0.0
935,G62,G62,0.0
936,G63,G63,0.0
937,G64,G64,0.0
938,G65,G65,0.0
939,G66,G66,0.0
940,G67,G67,0.0
941,G68,G68,0.0
942,G69,G69,0.0
943,G71,G71,0.0
944,G72,G72,0.0
945,G73,G73,0.0
946,G74,G74,0.0
947,G76,G76,0.0
948,G77,G77,0.0
949,G78,G78,0.0
950,G81,G81,0.0
951,G82,G82,0.0
952,G83,G83,0.0
953,G84,G84,0.0
954,GL1,GL1,0.0
955,GL10,GL10,0.0
956,GL11,GL11,0.0
957,GL12,GL12,0.0
958,GL13,GL13,0.0
959,GL14,GL14,0.0
960,GL15,GL15,0.0
961,GL16,GL16,0.0
962,GL17,GL17,0.0
963,GL18,GL18,0.0
964,GL19,GL19,0.0
965,GL2,GL2,0.0
966,GL20,GL20,0.0
967,GL3,GL3,0.0
968,GL4,GL4,0.0
969,GL5,GL5,0.0
970,GL50,GL50,0.0
971,GL51,GL51,0.0
972,GL52,GL52,0.0
973,GL53,GL53,0.0
974,GL54,GL54,0.0
975,GL55,GL55,0.0
976,GL56,GL56,0.0
977,GL6,GL6,0.0
978,GL7,GL7,0.0
979,GL8,GL8,0.0
980,GL9,GL9,0.0
981,GU1,GU1,0.0
982,GU10,GU10,0.0
983,GU11,GU11,0.0
984,GU12,GU12,0.0
985,GU13,GU13,0.0
986,GU14,GU14,0.0
987,GU15,GU15,0.0
988,GU16,GU16,0.0
989,GU17,GU17,0.0
990,GU18,GU18,0.0
991,GU19,GU19,0.0
992,GU2,GU2,0.0
993,GU20,GU20,0.0
994,GU21,GU21,0.0
995,GU22,GU22,0.0
996,GU23,GU23,0.0
997,GU24,GU24,0.0
998,GU25,GU25,0.0
999,GU26,GU26,0.0
1000,GU27,GU27,0.0
1001,GU28,GU28,0.0
1002,GU29,GU29,0.0
1003,GU3,GU3,0.0
1004,GU30,GU30,0.0
1005,GU31,GU31,0.0
1006,GU32,GU32,0.0
1007,GU33,GU33,0.0
1008,GU34,GU34,0.0
1009,GU35,GU35,0.0
1010,GU4,GU4,0.0
1011,GU46,GU46,0.0
1012,GU47,GU47,0.0
1013,GU5,GU5,0.0
1014,GU51,GU51,0.0
1015,GU52,GU52,0.0
1016,GU6,GU6,0.0
1017,GU7,GU7,0.0
1018,GU8,GU8,0.0
1019,GU9,GU9,0.0
1020,GY1,GY1,0.0
1021,GY2,GY2,0.0
1022,GY3,GY3,0.0
1023,GY4,GY3,0.0
1024,GY5,GY5,0.0
1025,GY6,GY3,0.0
1026,GY7,GY3,0.0
1027,GY8,GY3,0.0
1028,GY9,GY9,0.0
1029,HA0,HA0,0.0
1030,HA1,HA1,0.0
1031,HA2,HA2,0.0
1032,HA3,HA3,0.0
1033,HA4,HA4,0.0
1034,HA5,HA5,0.0
1035,HA6,HA6,0.0
1036,HA7,HA7,0.0
1037,HA8,HA8,0.0
1038,HA9,HA9,0.0
1039,HD1,HD1,0.0
1040,HD2,HD2,0.0
1041,HD3,HD3,0.0
1042,HD4,HD4,0.0
1043,HD5,HD5,0.0
1044,HD6,HD6,0.0
1045,HD7,HD7,0.0
1046,HD8,HD8,0.0
1047,HD9,HD9,0.0
1048,HG1,HG1,0.0
1049,HG2,HG2,0.0
1050,HG3,HG3,0.0
1051,HG4,HG4,0.0
1052,HG5,HG5,0.0
1053,HP1,HP1,0.0
1054,HP10,HP10,0.0
1055,HP11,HP11,0.0
1056,HP12,HP12,0.0
1057,HP13,HP13,0.0
1058,HP14,HP14,0.0
1059,HP15,HP15,0.0
1060,HP16,HP16,0.0
1061,HP17,HP17,0.0
1062,HP18,HP18,0.0
1063,HP19,HP19,0.0
1064,HP2,HP2,0.0
1065,HP20,HP20,0.0
1066,HP21,HP21,0.0
1067,HP22,HP22,0.0
1068,HP23,HP23,0.0
1069,HP27,HP27,0.0
1070,HP3,HP3,0.0
1071,HP4,HP4,0.0
1072,HP5,HP5,0.0
1073,HP6,HP6,0.0
1074,HP7,HP7,0.0
1075,HP8,HP8,0.0
1076,HP9,HP9,0.0
1077,HR1,HR1,0.0
1078,HR2,HR2,0.0
1079,HR3,HR3,0.0
1080,HR4,HR4,0.0
1081,HR5,HR5,0.0
1082,HR6,HR6,0.0
1083,HR7,HR7,0.0
1084,HR8,HR8,0.0
1085,HR9,HR9,0.0
1086,HS1,HS1,0.0
1087,HS2,HS2,0.0
1088,HS3,HS3,0.0
1089,HS4,HS4,0.0
1090,HS5,HS5,0.0
1091,HS6,HS6,0.0
1092,HS7,HS7,0.0
1093,HS8,HS8,0.0
1094,HS9,HS9,0.0
1095,HU1,HU1,0.0
1096,HU10,HU10,0.0
1097,HU11,HU11,0.0
1098,HU12,HU12,0.0
1099,HU13,HU13,0.0
1100,HU14,HU14,0.0
1101,HU15,HU15,0.0
1102,HU16,HU16,0.0
1103,HU17,HU17,0.0
1104,HU18,HU18,0.0
1105,HU19,HU19,0.0
1106,HU2,HU2,0.0
1107,HU20,HU20,0.0
1108,HU3,HU3,0.0
1109,HU4,HU4,0.0
1110,HU5,HU5,0.0
1111,HU6,HU6,0.0
1112,HU7,HU7,0.0
1113,HU8,HU8,0.0
1114,HU9,HU9,0.0
1115,HX1,HX1,0.0
1116,HX2,HX2,0.0
1117,HX3,HX3,0.0
1118,HX4,HX4,0.0
1119,HX5,HX5,0.0
1120,HX6,HX6,0.0
1121,HX7,HX7,0.0
1122,IG1,IG1,0.0
1123,IG10,IG10,0.0
1124,IG11,IG11,0.0
1125,IG2,IG2,0.0
1126,IG3,IG3,0.0
1127,IG4,IG4,0.0
1128,IG5,IG5,0.0
1129,IG6,IG6,0.0
1130,IG7,IG7,0.0
1131,IG8,IG8,0.0
1132,IG9,IG9,0.0
1133,IM1,IM1,0.0
1134,IM2,IM2,0.0
1135,IM3,IM3,0.0
1136,IM4,IM4,0.0
1137,IM5,IM5,0.0
1138,IM6,IM6,0.0
1139,IM7,IM7,0.0
1140,IM8,IM8,0.0
1141,IM9,IM9,0.0
1142,IP1,IP1,0.0
1143,IP10,IP10,0.0
1144,IP11,IP11,0.0
1145,IP12,IP12,0.0
1146,IP13,IP13,0.0
1147,IP14,IP14,0.0
1148,IP15,IP15,0.0
1149,IP16,IP16,0.0
1150,IP17,IP17,0.0
1151,IP18,IP18,0.0
1152,IP19,IP19,0.0
1153,IP2,IP2,0.0
1154,IP20,IP20,0.0
1155,IP21,IP21,0.0
1156,IP22,IP22,0.0
1157,IP23,IP23,0.0
1158,IP24,IP24,0.0
1159,IP25,IP25,0.0
1160,IP26,IP26,0.0
1161,IP27,IP27,0.0
1162,IP28,IP28,0.0
1163,IP29,IP29,0.0
1164,IP3,IP3,0.0
1165,IP30,IP30,0.0
1166,IP31,IP31,0.0
1167,IP32,IP32,0.0
1168,IP33,IP33,0.0
1169,IP4,IP4,0.0
1170,IP5,IP5,0.0
1171,IP6,IP6,0.0
1172,IP7,IP7,0.0
1173,IP8,IP8,0.0
1174,IP9,IP9,0.0
1175,IV1,IV1,0.0
1176,IV10,IV10,0.0
1177,IV11,IV11,0.0
1178,IV12,IV12,0.0
1179,IV13,IV13,0.0
1180,IV14,IV14,0.0
1181,IV15,IV15,0.0
1182,IV16,IV16,0.0
1183,IV17,IV17,0.0
1184,IV18,IV18,0.0
1185,IV19,IV19,0.0
1186,IV2,IV2,0.0
1187,IV20,IV20,0.0
1188,IV21,IV21,0.0
1189,IV22,IV22,0.0
1190,IV23,IV23,0.0
1191,IV24,IV24,0.0
1192,IV25,IV25,0.0
1193,IV26,IV26,0.0
1194,IV27,IV27,0.0
1195,IV28,IV28,0.0
1196,IV3,IV3,0.0
1197,IV30,IV30,0.0
1198,IV31,IV31,0.0
1199,IV32,IV32,0.0
1200,IV36,IV36,0.0
1201,IV4,IV4,0.0
1202,IV40,IV40,0.0
1203,IV41,IV41,0.0
1204,IV42,IV42,0.0
1205,IV43,IV43,0.0
1206,IV44,IV44,0.0
1207,IV45,IV45,0.0
1208,IV46,IV46,0.0
1209,IV47,IV47,0.0
1210,IV48,IV48,0.0
1211,IV49,IV49,0.0
1212,IV5,IV5,0.0
1213,IV51,IV51,0.0
1214,IV52,IV52,0.0
1215,IV53,IV53,0.0
1216,IV54,IV54,0.0
1217,IV55,IV55,0.0
1218,IV56,IV56,0.0
1219,IV6,IV6,0.0
1220,IV63,IV63,0.0
1221,IV7,IV7,0.0
1222,IV8,IV8,0.0
1223,IV9,IV9,0.0
1224,JE1,JE1,0.0
1225,JE2,JE2,0.0
1226,JE3,JE3,0.0
1227,JE4,JE4,0.0
1228,KA1,KA1,0.0
1229,KA10,KA10,0.0
1230,KA11,KA11,0.0
1231,KA12,KA12,0.0
1232,KA13,KA13,0.0
1233,KA14,KA14,0.0
1234,KA15,KA15,0.0
1235,KA16,KA16,0.0
1236,KA17,KA17,0.0
1237,KA18,KA18,0.0
1238,KA19,KA19,0.0
1239,KA2,KA2,0.0
1240,KA20,KA20,0.0
1241,KA21,KA21,0.0
1242,KA22,KA22,0.0
1243,KA23,KA23,0.0
1244,KA24,KA24,0.0
1245,KA25,KA25,0.0
1246,KA26,KA26,0.0
1247,KA27,KA27,0.0
1248,KA28,KA28,0.0
1249,KA29,KA29,0.0
1250,KA3,KA3,0.0
1251,KA30,KA30,0.0
1252,KA4,KA4,0.0
1253,KA5,KA5,0.0
1254,KA6,KA6,0.0
1255,KA7,KA7,0.0
1256,KA8,KA8,0.0
1257,KA9,KA9,0.0
1258,KT1,KT1,0.0
1259,KT10,KT10,0.0
1260,KT11,KT11,0.0
1261,KT12,KT12,0.0
1262,KT13,KT13,0.0
1263,KT14,KT14,0.0
1264,KT15,KT15,0.0
1265,KT16,KT16,0.0
1266,KT17,KT17,0.0
1267,KT18,KT18,0.0
1268,KT19,KT19,0.0
1269,KT2,KT2,0.0
1270,KT20,KT20,0.0
1271,KT21,KT21,0.0
1272,KT22,KT22,0.0
1273,KT23,KT23,0.0
1274,KT24,KT24,0.0
1275,KT3,KT3,0.0
1276,KT4,KT4,0.0
1277,KT5,KT5,0.0
1278,KT6,KT6,0.0
1279,KT7,KT7,0.0
1280,KT8,KT8,0.0
1281,KT9,KT9,0.0
1282,KW1,KW1,0.0
1283,KW10,KW10,0.0
1284,KW11,KW11,0.0
1285,KW12,KW12,0.0
1286,KW13,KW13,0.0
1287,KW14,KW14,0.0
1288,KW15,KW15,0.0
1289,KW16,KW16,0.0
1290,KW17,KW17,0.0
1291,KW2,KW2,0.0
1292,KW3,KW3,0.0
1293,KW5,KW5,0.0
1294,KW6,KW6,0.0
1295,KW7,KW7,0.0
1296,KW8,KW8,0.0
1297,KW9,KW9,0.0
1298,KY1,KY1,0.0
1299,KY10,KY10,0.0
1300,KY11,KY11,0.0
1301,KY12,KY12,0.0
1302,KY13,KY13,0.0
1303,KY14,KY14,0.0
1304,KY15,KY15,0.0
1305,KY16,KY16,0.0
1306,KY2,KY2,0.0
1307,KY3,KY3,0.0
1308,KY4,KY4,0.0
1309,KY5,KY5,0.0
1310,KY6,KY6,0.0
1311,KY7,KY7,0.0
1312,KY8,KY8,0.0
1313,KY9,KY9,0.0
1314,L1,L1,0.0
1315,L10,L10,0.0
1316,L11,L11,0.0
1317,L12,L12,0.0
1318,L13,L13,0.0
1319,L14,L14,0.0
1320,L15,L15,0.0
1321,L16,L16,0.0
1322,L17,L17,0.0
1323,L18,L18,0.0
1324,L19,L19,0.0
1325,L2,L2,0.0
1326,L20,L20,0.0
1327,L21,L21,0.0
1328,L22,L22,0.0
1329,L23,L23,0.0
1330,L24,L24,0.0
1331,L25,L25,0.0
1332,L26,L26,0.0
1333,L27,L27,0.0
1334,L28,L28,0.0
1335,L29,L29,0.0
1336,L3,L3,0.0
1337,L30,L30,0.0
1338,L31,L31,0.0
1339,L32,L32,0.0
1340,L33,L33,0.0
1341,L34,L34,0.0
1342,L35,L35,0.0
1343,L36,L36,0.0
1344,L37,L37,0.0
1345,L38,L38,0.0
1346,L39,L39,0.0
1347,L4,L4,0.0
1348,L40,L40,0.0
1349,L5,L5,0.0
1350,L6,L6,0.0
1351,L69,L69,0.0
1352,L7,L7,0.0
1353,L70,L70,0.0
1354,L8,L8,0.0
1355,L9,L9,0.0
1356,LA1,LA1,0.0
1357,LA10,LA10,0.0
1358,LA11,LA11,0.0
1359,LA12,LA12,0.0
1360,LA13,LA13,0.0
1361,LA14,LA14,0.0
1362,LA15,LA15,0.0
1363,LA16,LA16,0.0
1364,LA17,LA17,0.0
1365,LA18,LA18,0.0
1366,LA19,LA19,0.0
1367,LA2,LA2,0.0
1368,LA20,LA20,0.0
1369,LA21,LA21,0.0
1370,LA22,LA22,0.0
1371,LA23,LA23,0.0
1372,LA3,LA3,0.0
1373,LA4,LA4,0.0
1374,LA5,LA5,0.0
1375,LA6,LA6,0.0
1376,LA7,LA7,0.0
1377,LA8,LA8,0.0
1378,LA9,LA9,0.0
1379,LD1,LD1,0.0
1380,LD2,LD2,0.0
1381,LD3,LD3,0.0
1382,LD4,LD4,0.0
1383,LD5,LD5,0.0
1384,LD6,LD6,0.0
1385,LD7,LD7,0.0
1386,LD8,LD8,0.0
1387,LE1,LE1,0.0
1388,LE10,LE10,0.0
1389,LE11,LE11,0.0
1390,LE12,LE12,0.0
1391,LE13,LE13,0.0
1392,LE14,LE14,0.0
1393,LE15,LE15,0.0
1394,LE16,LE16,0.0
1395,LE17,LE17,0.0
1396,LE18,LE18,0.0
1397,LE19,LE19,0.0
1398,LE2,LE2,0.0
1399,LE3,LE3,0.0
1400,LE4,LE4,0.0
1401,LE5,LE5,0.0
1402,LE6,LE6,0.0
1403,LE65,LE65,0.0
1404,LE67,LE67,0.0
1405,LE7,LE7,0.0
1406,LE8,LE8,0.0
1407,LE9,LE9,0.0
1408,LL11,LL11,0.0
1409,LL12,LL12,0.0
1410,LL13,LL13,0.0
1411,LL14,LL14,0.0
1412,LL15,LL15,0.0
1413,LL16,LL16,0.0
1414,LL17,LL17,0.0
1415,LL18,LL18,0.0
1416,LL19,LL19,0.0
1417,LL20,LL20,0.0
1418,LL21,LL21,0.0
1419,LL22,LL22,0.0
1420,LL23,LL23,0.0
1421,LL24,LL24,0.0
1422,LL25,LL25,0.0
1423,LL26,LL26,0.0
1424,LL27,LL27,0.0
1425,LL28,LL28,0.0
1426,LL29,LL29,0.0
1427,LL30,LL30,0.0
1428,LL31,LL31,0.0
1429,LL32,LL32,0.0
1430,LL33,LL33,0.0
1431,LL34,LL34,0.0
1432,LL35,LL35,0.0
1433,LL36,LL36,0.0
1434,LL37,LL37,0.0
1435,LL38,LL38,0.0
1436,LL39,LL39,0.0
1437,LL40,LL40,0.0
1438,LL41,LL41,0.0
1439,LL42,LL42,0.0
1440,LL43,LL43,0.0
1441,LL44,LL44,0.0
1442,LL45,LL45,0.0
1443,LL46,LL46,0.0
1444,LL47,LL47,0.0
1445,LL48,LL48,0.0
1446,LL49,LL49,0.0
1447,LL51,LL51,0.0
1448,LL52,LL52,0.0
1449,LL53,LL53,0.0
1450,LL54,LL54,0.0
1451,LL55,LL55,0.0
1452,LL56,LL56,0.0
1453,LL57,LL57,0.0
1454,LL58,LL58,0.0
1455,LL59,LL59,0.0
1456,LL60,LL60,0.0
1457,LL61,LL61,0.0
1458,LL62,LL62,0.0
1459,LL63,LL63,0.0
1460,LL64,LL64,0.0
1461,LL65,LL65,0.0
1462,LL66,LL66,0.0
1463,LL67,LL67,0.0
1464,LL68,LL68,0.0
1465,LL69,LL69,0.0
1466,LL70,LL70,0.0
1467,LL71,LL71,0.0
1468,LL72,LL72,0.0
1469,LL73,LL73,0.0
1470,LL74,LL74,0.0
1471,LL75,LL75,0.0
1472,LL76,LL76,0.0
1473,LL77,LL77,0.0
1474,LL78,LL78,0.0
1475,LN1,LN1,0.0
1476,LN10,LN10,0.0
1477,LN11,LN11,0.0
1478,LN12,LN12,0.0
1479,LN13,LN13,0.0
1480,LN2,LN2,0.0
1481,LN3,LN3,0.0
1482,LN4,LN4,0.0
1483,LN5,LN5,0.0
1484,LN6,LN6,0.0
1485,LN7,LN7,0.0
1486,LN8,LN8,0.0
1487,LN9,LN9,0.0
1488,LS1,LS1,0.0
1489,LS10,LS10,0.0
1490,LS11,LS11,0.0
1491,LS12,LS12,0.0
1492,LS13,LS13,0.0
1493,LS14,LS14,0.0
1494,LS15,LS15,0.0
1495,LS16,LS16,0.0
1496,LS17,LS17,0.0
1497,LS18,LS18,0.0
1498,LS19,LS19,0.0
1499,LS2,LS2,0.0
1500,LS20,LS20,0.0
1501,LS21,LS21,0.0
1502,LS22,LS22,0.0
1503,LS23,LS23,0.0
1504,LS24,LS24,0.0
1505,LS25,LS25,0.0
1506,LS26,LS26,0.0
1507,LS27,LS27,0.0
1508,LS28,LS28,0.0
1509,LS29,LS29,0.0
1510,LS3,LS3,0.0
1511,LS4,LS4,0.0
1512,LS5,LS5,0.0
1513,LS6,LS6,0.0
1514,LS7,LS7,0.0
1515,LS8,LS8,0.0
1516,LS9,LS9,0.0
1517,LU1,LU1,0.0
1518,LU2,LU2,0.0
1519,LU3,LU3,0.0
1520,LU4,LU4,0.0
1521,LU5,LU5,0.0
1522,LU6,LU6,0.0
1523,LU7,LU7,0.0
1524,M1,M1,0.0
1525,M11,M11,0.0
1526,M12,M12,0.0
1527,M13,M13,0.0
1528,M14,M14,0.0
1529,M15,M15,0.0
1530,M16,M16,0.0
1531,M17,M17,0.0
1532,M18,M18,0.0
1533,M19,M19,0.0
1534,M2,M2,0.0
1535,M20,M20,0.0
1536,M21,M21,0.0
1537,M22,M22,0.0
1538,M23,M23,0.0
1539,M24,M24,0.0
1540,M25,M25,0.0
1541,M26,M26,0.0
1542,M27,M27,0.0
1543,M28,M28,0.0
1544,M29,M29,0.0
1545,M3,M3,0.0
1546,M30,M30,0.0
1547,M31,M31,0.0
1548,M32,M32,0.0
1549,M33,M33,0.0
1550,M34,M34,0.0
1551,M35,M35,0.0
1552,M38,M38,0.0
1553,M4,M4,0.0
1554,M40,M40,0.0
1555,M41,M41,0.0
1556,M43,M43,0.0
1557,M44,M44,0.0
1558,M45,M45,0.0
1559,M46,M46,0.0
1560,M5,M5,0.0
1561,M6,M6,0.0
1562,M60,M60,0.0
1563,M7,M7,0.0
1564,M8,M8,0.0
1565,M9,M9,0.0
1566,M90,M90,0.0
1567,ME1,ME1,0.0
1568,ME10,ME10,0.0
1569,ME11,ME11,0.0
1570,ME12,ME12,0.0
1571,ME13,ME13,0.0
1572,ME14,ME14,0.0
1573,ME15,ME15,0.0
1574,ME16,ME16,0.0
1575,ME17,ME17,0.0
1576,ME18,ME18,0.0
1577,ME19,ME19,0.0
1578,ME2,ME2,0.0
1579,ME20,ME20,0.0
1580,ME3,ME3,0.0
1581,ME4,ME4,0.0
1582,ME5,ME5,0.0
1583,ME6,ME6,0.0
1584,ME7,ME7,0.0
1585,ME8,ME8,0.0
1586,ME9,ME9,0.0
1587,MK1,MK1,0.0
1588,MK10,MK10,0.0
1589,MK11,MK11,0.0
1590,MK12,MK12,0.0
1591,MK13,MK13,0.0
1592,MK14,MK14,0.0
1593,MK15,MK15,0.0
1594,MK16,MK16,0.0
1595,MK17,MK17,0.0
1596,MK18,MK18,0.0
1597,MK19,MK19,0.0
1598,MK2,MK2,0.0
1599,MK3,MK3,0.0
1600,MK4,MK4,0.0
1601,MK40,MK40,0.0
1602,MK41,MK41,0.0
1603,MK42,MK42,0.0
1604,MK43,MK43,0.0
1605,MK44,MK44,0.0
1606,MK45,MK45,0.0
1607,MK46,MK46,0.0
1608,MK5,MK5,0.0
1609,MK6,MK6,0.0
1610,MK7,MK7,0.0
1611,MK8,MK8,0.0
1612,MK9,MK9,0.0
1613,ML1,ML1,0.0
1614,ML10,ML10,0.0
1615,ML11,ML11,0.0
1616,ML12,ML12,0.0
1617,ML2,ML2,0.0
1618,ML3,ML3,0.0
1619,ML4,ML4,0.0
1620,ML5,ML5,0.0
1621,ML6,ML6,0.0
1622,ML7,ML7,0.0
1623,ML8,ML8,0.0
1624,ML9,ML9,0.0
1625,N1,N1,0.0
1626,N10,N10,0.0
1627,N11,N11,0.0
1628,N12,N12,0.0
1629,N13,N13,0.0
1630,N14,N14,0.0
1631,N15,N15,0.0
1632,N16,N16,0.0
1633,N17,N17,0.0
1634,N18,N18,0.0
1635,N19,N19,0.0
1636,N2,N2,0.0
1637,N20,N20,0.0
1638,N21,N21,0.0
1639,N22,N22,0.0
1640,N3,N3,0.0
1641,N4,N4,0.0
1642,N5,N5,0.0
1643,N6,N6,0.0
1644,N7,N7,0.0
1645,N8,N8,0.0
1646,N9,N9,0.0
1647,NE1,NE1,0.0
1648,NE10,NE10,0.0
1649,NE11,NE11,0.0
1650,NE12,NE12,0.0
1651,NE13,NE13,0.0
1652,NE15,NE15,0.0
1653,NE16,NE16,0.0
1654,NE17,NE17,0.0
1655,NE18,NE18,0.0
1656,NE19,NE19,0.0
1657,NE2,NE2,0.0
1658,NE20,NE20,0.0
1659,NE21,NE21,0.0
1660,NE22,NE22,0.0
1661,NE23,NE23,0.0
1662,NE24,NE24,0.0
1663,NE25,NE25,0.0
1664,NE26,NE26,0.0
1665,NE27,NE27,0.0
1666,NE28,NE28,0.0
1667,NE29,NE29,0.0
1668,NE3,NE3,0.0
1669,NE30,NE30,0.0
1670,NE31,NE31,0.0
1671,NE32,NE32,0.0
1672,NE33,NE33,0.0
1673,NE34,NE34,0.0
1674,NE35,NE35,0.0
1675,NE36,NE36,0.0
1676,NE37,NE37,0.0
1677,NE38,NE38,0.0
1678,NE39,NE39,0.0
1679,NE4,NE4,0.0
1680,NE40,NE40,0.0
1681,NE41,NE41,0.0
1682,NE42,NE42,0.0
1683,NE43,NE43,0.0
1684,NE44,NE44,0.0
1685,NE45,NE45,0.0
1686,NE46,NE46,0.0
1687,NE47,NE47,0.0
1688,NE48,NE48,0.0
1689,NE49,NE49,0.0
1690,NE5,NE5,0.0
1691,NE6,NE6,0.0
1692,NE61,NE61,0.0
1693,NE62,NE62,0.0
1694,NE63,NE63,0.0
1695,NE64,NE64,0.0
1696,NE65,NE65,0.0
1697,NE66,NE66,0.0
1698,NE67,NE67,0.0
1699,NE68,NE68,0.0
1700,NE69,NE69,0.0
1701,NE7,NE7,0.0
1702,NE70,NE70,0.0
1703,NE71,NE71,0.0
1704,NE8,NE8,0.0
1705,NE9,NE9,0.0
1706,NE99,NE99,0.0
1707,NG1,NG1,0.0
1708,NG10,NG10,0.0
1709,NG11,NG11,0.0
1710,NG12,NG12,0.0
1711,NG13,NG13,0.0
1712,NG14,NG14,0.0
1713,NG15,NG15,0.0
1714,NG16,NG16,0.0
1715,NG17,NG17,0.0
1716,NG18,NG18,0.0
1717,NG19,NG19,0.0
1718,NG2,NG2,0.0
1719,NG20,NG20,0.0
1720,NG21,NG21,0.0
1721,NG22,NG22,0.0
1722,NG23,NG23,0.0
1723,NG24,NG24,0.0
1724,NG25,NG25,0.0
1725,NG3,NG3,0.0
1726,NG31,NG31,0.0
1727,NG32,NG32,0.0
1728,NG33,NG33,0.0
1729,NG34,NG34,0.0
1730,NG4,NG4,0.0
1731,NG5,NG5,0.0
1732,NG6,NG6,0.0
1733,NG7,NG7,0.0
1734,NG8,NG8,0.0
1735,NG9,NG9,0.0
1736,NN1,NN1,0.0
1737,NN10,NN10,0.0
1738,NN11,NN11,0.0
1739,NN12,NN12,0.0
1740,NN13,NN13,0.0
1741,NN14,NN14,0.0
1742,NN15,NN15,0.0
1743,NN16,NN16,0.0
1744,NN17,NN17,0.0
1745,NN18,NN18,0.0
1746,NN2,NN2,0.0
1747,NN29,NN29,0.0
1748,NN3,NN3,0.0
1749,NN4,NN4,0.0
1750,NN5,NN5,0.0
1751,NN6,NN6,0.0
1752,NN7,NN7,0.0
1753,NN8,NN8,0.0
1754,NN9,NN9,0.0
1755,NP10,NP10,0.0
1756,NP11,NP11,0.0
1757,NP12,NP12,0.0
1758,NP13,NP13,0.0
1759,NP15,NP15,0.0
1760,NP16,NP16,0.0
1761,NP18,NP18,0.0
1762,NP19,NP19,0.0
1763,NP20,NP20,0.0
1764,NP22,NP22,0.0
1765,NP23,NP23,0.0
1766,NP24,NP24,0.0
1767,NP25,NP25,0.0
1768,NP26,NP26,0.0
1769,NP4,NP4,0.0
1770,NP44,NP44,0.0
1771,NP7,NP7,0.0
1772,NP8,NP8,0.0
1773,NR1,NR1,0.0
1774,NR10,NR10,0.0
1775,NR11,NR11,0.0
1776,NR12,NR12,0.0
1777,NR13,NR13,0.0
1778,NR14,NR14,0.0
1779,NR15,NR15,0.0
1780,NR16,NR16,0.0
1781,NR17,NR17,0.0
1782,NR18,NR18,0.0
1783,NR19,NR19,0.0
1784,NR2,NR2,0.0
1785,NR20,NR20,0.0
1786,NR21,NR21,0.0
1787,NR22,NR22,0.0
1788,NR23,NR23,0.0
1789,NR24,NR24,0.0
1790,NR25,NR25,0.0
1791,NR26,NR26,0.0
1792,NR27,NR27,0.0
1793,NR28,NR28,0.0
1794,NR29,NR29,0.0
1795,NR3,NR3,0.0
1796,NR30,NR30,0.0
1797,NR31,NR31,0.0
1798,NR32,NR32,0.0
1799,NR33,NR33,0.0
1800,NR34,NR34,0.0
1801,NR35,NR35,0.0
1802,NR4,NR4,0.0
1803,NR5,NR5,0.0
1804,NR6,NR6,0.0
1805,NR7,NR7,0.0
1806,NR8,NR8,0.0
1807,NR9,NR9,0.0
1808,NW1,NW1,0.0
1809,NW10,NW10,0.0
1810,NW11,NW11,0.0
1811,NW2,NW2,0.0
1812,NW3,NW3,0.0
1813,NW4,NW4,0.0
1814,NW5,NW5,0.0
1815,NW6,NW6,0.0
1816,NW7,NW7,0.0
1817,NW8,NW8,0.0
1818,NW9,NW9,0.0
1819,OL1,OL1,0.0
1820,OL10,OL10,0.0
1821,OL11,OL11,0.0
1822,OL12,OL12,0.0
1823,OL13,OL13,0.0
1824,OL14,OL14,0.0
1825,OL15,OL15,0.0
1826,OL16,OL16,0.0
1827,OL2,OL2,0.0
1828,OL3,OL3,0.0
1829,OL4,OL4,0.0
1830,OL5,OL5,0.0
1831,OL6,OL6,0.0
1832,OL7,OL7,0.0
1833,OL8,OL8,0.0
1834,OL9,OL9,0.0
1835,OX1,OX1,0.0
1836,OX10,OX10,0.0
1837,OX11,OX11,0.0
1838,OX12,OX12,0.0
1839,OX13,OX13,0.0
1840,OX14,OX14,0.0
1841,OX15,OX15,0.0
1842,OX16,OX16,0.0
1843,OX17,OX17,0.0
1844,OX18,OX18,0.0
1845,OX2,OX2,0.0
1846,OX20,OX20,0.0
1847,OX25,OX25,0.0
1848,OX26,OX26,0.0
1849,OX27,OX27,0.0
1850,OX28,OX28,0.0
1851,OX29,OX29,0.0
1852,OX3,OX3,0.0
1853,OX33,OX33,0.0
1854,OX39,OX39,0.0
1855,OX4,OX4,0.0
1856,OX44,OX44,0.0
1857,OX49,OX49,0.0
1858,OX5,OX5,0.0
1859,OX6,OX6,0.0
1860,OX7,OX7,0.0
1861,OX8,OX8,0.0
1862,OX9,OX9,0.0
1863,PA1,PA1,0.0
1864,PA10,PA10,0.0
1865,PA11,PA11,0.0
1866,PA12,PA12,0.0
1867,PA13,PA13,0.0
1868,PA14,PA14,0.0
1869,PA15,PA15,0.0
1870,PA16,PA16,0.0
1871,PA17,PA17,0.0
1872,PA18,PA18,0.0
1873,PA19,PA19,0.0
1874,PA2,PA2,0.0
1875,PA20,PA20,0.0
1876,PA21,PA21,0.0
1877,PA22,PA22,0.0
1878,PA23,PA23,0.0
1879,PA24,PA24,0.0
1880,PA25,PA25,0.0
1881,PA26,PA26,0.0
1882,PA27,PA27,0.0
1883,PA28,PA28,0.0
1884,PA29,PA29,0.0
1885,PA3,PA3,0.0
1886,PA30,PA30,0.0
1887,PA31,PA31,0.0
1888,PA32,PA32,0.0
1889,PA33,PA33,0.0
1890,PA34,PA34,0.0
1891,PA35,PA35,0.0
1892,PA36,PA36,0.0
1893,PA37,PA37,0.0
1894,PA38,PA38,0.0
1895,PA4,PA4,0.0
1896,PA41,PA41,0.0
1897,PA42,PA42,0.0
1898,PA43,PA43,0.0
1899,PA44,PA44,0.0
1900,PA45,PA45,0.0
1901,PA46,PA46,0.0
1902,PA47,PA47,0.0
1903,PA48,PA48,0.0
1904,PA49,PA49,0.0
1905,PA5,PA5,0.0
1906,PA6,PA6,0.0
1907,PA60,PA60,0.0
1908,PA61,PA61,0.0
1909,PA62,PA62,0.0
1910,PA63,PA63,0.0
1911,PA64,PA64,0.0
1912,PA65,PA65,0.0
1913,PA66,PA66,0.0
1914,PA67,PA67,0.0
1915,PA68,PA68,0.0
1916,PA69,PA69,0.0
1917,PA7,PA7,0.0
1918,PA70,PA70,0.0
1919,PA71,PA71,0.0
1920,PA72,PA72,0.0
1921,PA73,PA73,0.0
1922,PA74,PA74,0.0
1923,PA75,PA75,0.0
1924,PA76,PA76,0.0
1925,PA77,PA77,0.0
1926,PA78,PA78,0.0
1927,PA8,PA8,0.0
1928,PA9,PA9,0.0
1929,PE1,PE1,0.0
1930,PE10,PE10,0.0
1931,PE11,PE11,0.0
1932,PE12,PE12,0.0
1933,PE13,PE13,0.0
1934,PE14,PE14,0.0
1935,PE15,PE15,0.0
1936,PE16,PE16,0.0
1937,PE19,PE19,0.0
1938,PE2,PE2,0.0
1939,PE20,PE20,0.0
1940,PE21,PE21,0.0
1941,PE22,PE22,0.0
1942,PE23,PE23,0.0
1943,PE24,PE24,0.0
1944,PE25,PE25,0.0
1945,PE26,PE26,0.0
1946,PE27,PE27,0.0
1947,PE28,PE28,0.0
1948,PE29,PE29,0.0
1949,PE3,PE3,0.0
1950,PE30,PE30,0.0
1951,PE31,PE31,0.0
1952,PE32,PE32,0.0
1953,PE33,PE33,0.0
1954,PE34,PE34,0.0
1955,PE35,PE35,0.0
1956,PE36,PE36,0.0
1957,PE37,PE37,0.0
1958,PE38,PE38,0.0
1959,PE4,PE4,0.0
1960,PE5,PE5,0.0
1961,PE6,PE6,0.0
1962,PE7,PE7,0.0
1963,PE8,PE8,0.0
1964,PE9,PE9,0.0
1965,PH1,PH1,0.0
1966,PH10,PH10,0.0
1967,PH11,PH11,0.0
1968,PH12,PH12,0.0
1969,PH13,PH13,0.0
1970,PH14,PH14,0.0
1971,PH15,PH15,0.0
1972,PH16,PH16,0.0
1973,PH17,PH17,0.0
1974,PH18,PH18,0.0
1975,PH19,PH19,0.0
1976,PH2,PH2,0.0
1977,PH20,PH20,0.0
1978,PH21,PH21,0.0
1979,PH22,PH22,0.0
1980,PH23,PH23,0.0
1981,PH24,PH24,0.0
1982,PH25,PH25,0.0
1983,PH26,PH26,0.0
1984,PH3,PH3,0.0
1985,PH30,PH30,0.0
1986,PH31,PH31,0.0
1987,PH32,PH32,0.0
1988,PH33,PH33,0.0
1989,PH34,PH34,0.0
1990,PH35,PH35,0.0
1991,PH36,PH36,0.0
1992,PH38,PH38,0.0
1993,PH39,PH39,0.0
1994,PH4,PH4,0.0
1995,PH40,PH40,0.0
1996,PH41,PH41,0.0
1997,PH42,PH42,0.0
1998,PH43,PH43,0.0
1999,PH44,PH44,0.0
2000,PH49,PH49,0.0
2001,PH5,PH5,0.0
2002,PH50,PH50,0.0
2003,PH6,PH6,0.0
2004,PH7,PH7,0.0
2005,PH8,PH8,0.0
2006,PH9,PH9,0.0
2007,PL1,PL1,0.0
2008,PL10,PL10,0.0
2009,PL11,PL11,0.0
2010,PL12,PL12,0.0
2011,PL13,PL13,0.0
2012,PL14,PL14,0.0
2013,PL15,PL15,0.0
2014,PL16,PL16,0.0
2015,PL17,PL17,0.0
2016,PL18,PL18,0.0
2017,PL19,PL19,0.0
2018,PL2,PL2,0.0
2019,PL20,PL20,0.0
2020,PL21,PL21,0.0
2021,PL22,PL22,0.0
2022,PL23,PL23,0.0
2023,PL24,PL24,0.0
2024,PL25,PL25,0.0
2025,PL26,PL26,0.0
2026,PL27,PL27,0.0
2027,PL28,PL28,0.0
2028,PL29,PL29,0.0
2029,PL3,PL3,0.0
2030,PL30,PL30,0.0
2031,PL31,PL31,0.0
2032,PL32,PL32,0.0
2033,PL33,PL33,0.0
2034,PL34,PL34,0.0
2035,PL35,PL35,0.0
2036,PL4,PL4,0.0
2037,PL5,PL5,0.0
2038,PL6,PL6,0.0
2039,PL7,PL7,0.0
2040,PL8,PL8,0.0
2041,PL9,PL9,0.0
2042,PO1,PO1,0.0
2043,PO10,PO10,0.0
2044,PO11,PO11,0.0
2045,PO12,PO12,0.0
2046,PO13,PO13,0.0
2047,PO14,PO14,0.0
2048,PO15,PO15,0.0
2049,PO16,PO16,0.0
2050,PO17,PO17,0.0
2051,PO18,PO18,0.0
2052,PO19,PO19,0.0
2053,PO2,PO2,0.0
2054,PO20,PO20,0.0
2055,PO21,PO21,0.0
2056,PO22,PO22,0.0
2057,PO3,PO3,0.0
2058,PO30,PO30,0.0
2059,PO31,PO31,0.0
2060,PO32,PO32,0.0
2061,PO33,PO33,0.0
2062,PO34,PO34,0.0
2063,PO35,PO35,0.0
2064,PO36,PO36,0.0
2065,PO37,PO37,0.0
2066,PO38,PO38,0.0
2067,PO39,PO39,0.0
2068,PO4,PO4,0.0
2069,PO40,PO40,0.0
2070,PO41,PO41,0.0
2071,PO5,PO5,0.0
2072,PO6,PO6,0.0
2073,PO7,PO7,0.0
2074,PO8,PO8,0.0
2075,PO9,PO9,0.0
2076,PR1,PR1,0.0
2077,PR2,PR2,0.0
2078,PR25,PR25,0.0
2079,PR26,PR26,0.0
2080,PR3,PR3,0.0
2081,PR4,PR4,0.0
2082,PR5,PR5,0.0
2083,PR6,PR6,0.0
2084,PR7,PR7,0.0
2085,PR8,PR8,0.0
2086,PR9,PR9,0.0
2087,RG1,RG1,0.0
2088,RG10,RG10,0.0
2089,RG12,RG12,0.0
2090,RG14,RG14,0.0
2091,RG17,RG17,0.0
2092,RG18,RG18,0.0
2093,RG19,RG19,0.0
2094,RG2,RG2,0.0
2095,RG20,RG20,0.0
2096,RG21,RG21,0.0
2097,RG22,RG22,0.0
2098,RG23,RG23,0.0
2099,RG24,RG24,0.0
2100,RG25,RG25,0.0
2101,RG26,RG26,0.0
2102,RG27,RG27,0.0
2103,RG28,RG28,0.0
2104,RG29,RG29,0.0
2105,RG30,RG30,0.0
2106,RG31,RG31,0.0
2107,RG4,RG4,0.0
2108,RG40,RG40,0.0
2109,RG41,RG41,0.0
2110,RG42,RG42,0.0
2111,RG45,RG45,0.0
2112,RG5,RG5,0.0
2113,RG6,RG6,0.0
2114,RG7,RG7,0.0
2115,RG8,RG8,0.0
2116,RG9,RG9,0.0
2117,RH1,RH1,0.0
2118,RH10,RH10,0.0
2119,RH11,RH11,0.0
2120,RH12,RH12,0.0
2121,RH13,RH13,0.0
2122,RH14,RH14,0.0
2123,RH15,RH15,0.0
2124,RH16,RH16,0.0
2125,RH17,RH17,0.0
2126,RH18,RH18,0.0
2127,RH19,RH19,0.0
2128,RH2,RH2,0.0
2129,RH20,RH20,0.0
2130,RH3,RH3,0.0
2131,RH4,RH4,0.0
2132,RH5,RH5,0.0
2133,RH6,RH6,0.0
2134,RH7,RH7,0.0
2135,RH8,RH8,0.0
2136,RH9,RH9,0.0
2137,RM1,RM1,0.0
2138,RM10,RM10,0.0
2139,RM11,RM11,0.0
2140,RM12,RM12,0.0
2141,RM13,RM13,0.0
2142,RM14,RM14,0.0
2143,RM15,RM15,0.0
2144,RM16,RM16,0.0
2145,RM17,RM17,0.0
2146,RM18,RM18,0.0
2147,RM19,RM19,0.0
2148,RM2,RM2,0.0
2149,RM20,RM20,0.0
2150,RM3,RM3,0.0
2151,RM4,RM4,0.0
2152,RM5,RM5,0.0
2153,RM6,RM6,0.0
2154,RM7,RM7,0.0
2155,RM8,RM8,0.0
2156,RM9,RM9,0.0
2157,S1,S1,0.0
2158,S10,S10,0.0
2159,S11,S11,0.0
2160,S12,S12,0.0
2161,S13,S13,0.0
2162,S14,S14,0.0
2163,S17,S17,0.0
2164,S18,S18,0.0
2165,S2,S2,0.0
2166,S20,S20,0.0
2167,S21,S21,0.0
2168,S25,S25,0.0
2169,S26,S26,0.0
2170,S3,S3,0.0
2171,S32,S32,0.0
2172,S33,S33,0.0
2173,S35,S35,0.0
2174,S36,S36,0.0
2175,S4,S4,0.0
2176,S40,S40,0.0
2177,S41,S41,0.0
2178,S42,S42,0.0
2179,S43,S43,0.0
2180,S44,S44,0.0
2181,S45,S45,0.0
2182,S5,S5,0.0
2183,S6,S6,0.0
2184,S60,S60,0.0
2185,S61,S61,0.0
2186,S62,S62,0.0
2187,S63,S63,0.0
2188,S64,S64,0.0
2189,S65,S65,0.0
2190,S66,S66,0.0
2191,S7,S7,0.0
2192,S70,S70,0.0
2193,S71,S71,0.0
2194,S72,S72,0.0
2195,S73,S73,0.0
2196,S74,S74,0.0
2197,S75,S75,0.0
2198,S8,S8,0.0
2199,S80,S80,0.0
2200,S81,S81,0.0
2201,S9,S9,0.0
2202,SA1,SA1,0.0
2203,SA10,SA10,0.0
2204,SA11,SA11,0.0
2205,SA12,SA12,0.0
2206,SA13,SA13,0.0
2207,SA14,SA14,0.0
2208,SA15,SA15,0.0
2209,SA16,SA16,0.0
2210,SA17,SA17,0.0
2211,SA18,SA18,0.0
2212,SA19,SA19,0.0
2213,SA2,SA2,0.0
2214,SA20,SA20,0.0
2215,SA3,SA3,0.0
2216,SA31,SA31,0.0
2217,SA32,SA32,0.0
2218,SA33,SA33,0.0
2219,SA34,SA34,0.0
2220,SA35,SA35,0.0
2221,SA36,SA36,0.0
2222,SA37,SA37,0.0
2223,SA38,SA38,0.0
2224,SA39,SA39,0.0
2225,SA4,SA4,0.0
2226,SA40,SA40,0.0
2227,SA41,SA41,0.0
2228,SA42,SA42,0.0
2229,SA43,SA43,0.0
2230,SA44,SA44,0.0
2231,SA45,SA45,0.0
2232,SA46,SA46,0.0
2233,SA47,SA47,0.0
2234,SA48,SA48,0.0
2235,SA5,SA5,0.0
2236,SA6,SA6,0.0
2237,SA61,SA61,0.0
2238,SA62,SA62,0.0
2239,SA63,SA63,0.0
2240,SA64,SA64,0.0
2241,SA65,SA65,0.0
2242,SA66,SA66,0.0
2243,SA67,SA67,0.0
2244,SA68,SA68,0.0
2245,SA69,SA69,0.0
2246,SA7,SA7,0.0
2247,SA70,SA70,0.0
2248,SA71,SA71,0.0
2249,SA72,SA72,0.0
2250,SA73,SA73,0.0
2251,SA8,SA8,0.0
2252,SA9,SA9,0.0
2253,SE1,SE1,0.0
2254,SE10,SE10,0.0
2255,SE11,SE11,0.0
2256,SE12,SE12,0.0
2257,SE13,SE13,0.0
2258,SE14,SE14,0.0
2259,SE15,SE15,0.0
2260,SE16,SE16,0.0
2261,SE17,SE17,0.0
2262,SE18,SE18,0.0
2263,SE19,SE19,0.0
2264,SE2,SE2,0.0
2265,SE20,SE20,0.0
2266,SE21,SE21,0.0
2267,SE22,SE22,0.0
2268,SE23,SE23,0.0
2269,SE24,SE24,0.0
2270,SE25,SE25,0.0
2271,SE26,SE26,0.0
2272,SE27,SE27,0.0
2273,SE28,SE28,0.0
2274,SE3,SE3,0.0
2275,SE4,SE4,0.0
2276,SE5,SE5,0.0
2277,SE6,SE6,0.0
2278,SE7,SE7,0.0
2279,SE8,SE8,0.0
2280,SE9,SE9,0.0
2281,SG1,SG1,0.0
2282,SG10,SG10,0.0
2283,SG11,SG11,0.0
2284,SG12,SG12,0.0
2285,SG13,SG13,0.0
2286,SG14,SG14,0.0
2287,SG15,SG15,0.0
2288,SG16,SG16,0.0
2289,SG17,SG17,0.0
2290,SG18,SG18,0.0
2291,SG19,SG19,0.0
2292,SG2,SG2,0.0
2293,SG3,SG3,0.0
2294,SG4,SG4,0.0
2295,SG5,SG5,0.0
2296,SG6,SG6,0.0
2297,SG7,SG7,0.0
2298,SG8,SG8,0.0
2299,SG9,SG9,0.0
2300,SK1,SK1,0.0
2301,SK10,SK10,0.0
2302,SK11,SK11,0.0
2303,SK12,SK12,0.0
2304,SK13,SK13,0.0
2305,SK14,SK14,0.0
2306,SK15,SK15,0.0
2307,SK16,SK16,0.0
2308,SK17,SK17,0.0
2309,SK2,SK2,0.0
2310,SK22,SK22,0.0
2311,SK23,SK23,0.0
2312,SK3,SK3,0.0
2313,SK4,SK4,0.0
2314,SK5,SK5,0.0
2315,SK6,SK6,0.0
2316,SK7,SK7,0.0
2317,SK8,SK8,0.0
2318,SK9,SK9,0.0
2319,SL0,SL0,0.0
2320,SL1,SL1,0.0
2321,SL2,SL2,0.0
2322,SL3,SL3,0.0
2323,SL4,SL4,0.0
2324,SL5,SL5,0.0
2325,SL6,SL6,0.0
2326,SL7,SL7,0.0
2327,SL8,SL8,0.0
2328,SL9,SL9,0.0
2329,SM1,SM1,0.0
2330,SM2,SM2,0.0
2331,SM3,SM3,0.0
2332,SM4,SM4,0.0
2333,SM5,SM5,0.0
2334,SM6,SM6,0.0
2335,SM7,SM7,0.0
2336,SN1,SN1,0.0
2337,SN10,SN10,0.0
2338,SN11,SN11,0.0
2339,SN12,SN12,0.0
2340,SN13,SN13,0.0
2341,SN14,SN14,0.0
2342,SN15,SN15,0.0
2343,SN16,SN16,0.0
2344,SN2,SN2,0.0
2345,SN25,SN25,0.0
2346,SN26,SN26,0.0
2347,SN3,SN3,0.0
2348,SN4,SN4,0.0
2349,SN5,SN5,0.0
2350,SN6,SN6,0.0
2351,SN7,SN7,0.0
2352,SN8,SN8,0.0
2353,SN9,SN9,0.0
2354,SO14,SO14,0.0
2355,SO15,SO15,0.0
2356,SO16,SO16,0.0
2357,SO17,SO17,0.0
2358,SO18,SO18,0.0
2359,SO19,SO19,0.0
2360,SO20,SO20,0.0
2361,SO21,SO21,0.0
2362,SO22,SO22,0.0
2363,SO23,SO23,0.0
2364,SO24,SO24,0.0
2365,SO30,SO30,0.0
2366,SO31,SO31,0.0
2367,SO32,SO32,0.0
2368,SO40,SO40,0.0
2369,SO41,SO41,0.0
2370,SO42,SO42,0.0
2371,SO43,SO43,0.0
2372,SO45,SO45,0.0
2373,SO50,SO50,0.0
2374,SO51,SO51,0.0
2375,SO52,SO52,0.0
2376,SO53,SO53,0.0
2377,SP1,SP1,0.0
2378,SP10,SP10,0.0
2379,SP11,SP11,0.0
2380,SP2,SP2,0.0
2381,SP3,SP3,0.0
2382,SP4,SP4,0.0
2383,SP5,SP5,0.0
2384,SP6,SP6,0.0
2385,SP7,SP7,0.0
2386,SP8,SP8,0.0
2387,SP9,SP9,0.0
2388,SR1,SR1,0.0
2389,SR2,SR2,0.0
2390,SR3,SR3,0.0
2391,SR4,SR4,0.0
2392,SR5,SR5,0.0
2393,SR6,SR6,0.0
2394,SR7,SR7,0.0
2395,SR8,SR8,0.0
2396,SR9,SR9,0.0
2397,SS0,SS0,0.0
2398,SS1,SS1,0.0
2399,SS11,SS11,0.0
2400,SS12,SS12,0.0
2401,SS13,SS13,0.0
2402,SS14,SS14,0.0
2403,SS15,SS15,0.0
2404,SS16,SS16,0.0
2405,SS17,SS17,0.0
2406,SS2,SS2,0.0
2407,SS3,SS3,0.0
2408,SS4,SS4,0.0
2409,SS5,SS5,0.0
2410,SS6,SS6,0.0
2411,SS7,SS7,0.0
2412,SS8,SS8,0.0
2413,SS9,SS9,0.0
2414,ST1,ST1,0.0
2415,ST10,ST10,0.0
2416,ST11,ST11,0.0
2417,ST12,ST12,0.0
2418,ST13,ST13,0.0
2419,ST14,ST14,0.0
2420,ST15,ST15,0.0
2421,ST16,ST16,0.0
2422,ST17,ST17,0.0
2423,ST18,ST18,0.0
2424,ST19,ST19,0.0
2425,ST2,ST2,0.0
2426,ST20,ST20,0.0
2427,ST21,ST21,0.0
2428,ST3,ST3,0.0
2429,ST4,ST4,0.0
2430,ST5,ST5,0.0
2431,ST6,ST6,0.0
2432,ST7,ST7,0.0
2433,ST8,ST8,0.0
2434,ST9,ST9,0.0
2435,SW1,SW1,0.0
2436,SW10,SW10,0.0
2437,SW11,SW11,0.0
2438,SW12,SW12,0.0
2439,SW13,SW13,0.0
2440,SW14,SW14,0.0
2441,SW15,SW15,0.0
2442,SW16,SW16,0.0
2443,SW17,SW17,0.0
2444,SW18,SW18,0.0
2445,SW19,SW19,0.0
2446,SW1A,SW1A,0.0
2447,SW1E,SW1E,0.0
2448,SW1H,SW1H,0.0
2449,SW1P,SW1P,0.0
2450,SW1V,SW1V,0.0
2451,SW1W,SW1W,0.0
2452,SW1X,SW1X,0.0
2453,SW1Y,SW1Y,0.0
2454,SW2,SW2,0.0
2455,SW20,SW20,0.0
2456,SW3,SW3,0.0
2457,SW4,SW4,0.0
2458,SW5,SW5,0.0
2459,SW6,SW6,0.0
2460,SW7,SW7,0.0
2461,SW8,SW8,0.0
2462,SW9,SW9,0.0
2463,SY1,SY1,0.0
2464,SY10,SY10,0.0
2465,SY11,SY11,0.0
2466,SY12,SY12,0.0
2467,SY13,SY13,0.0
2468,SY14,SY14,0.0
2469,SY15,SY15,0.0
2470,SY16,SY16,0.0
2471,SY17,SY17,0.0
2472,SY18,SY18,0.0
2473,SY19,SY19,0.0
2474,SY2,SY2,0.0
2475,SY20,SY20,0.0
2476,SY21,SY21,0.0
2477,SY22,SY22,0.0
2478,SY23,SY23,0.0
2479,SY24,SY24,0.0
2480,SY25,SY25,0.0
2481,SY3,SY3,0.0
2482,SY4,SY4,0.0
2483,SY5,SY5,0.0
2484,SY6,SY6,0.0
2485,SY7,SY7,0.0
2486,SY8,SY8,0.0
2487,SY9,SY9,0.0
2488,TA1,TA1,0.0
2489,TA10,TA10,0.0
2490,TA11,TA11,0.0
2491,TA12,TA12,0.0
2492,TA13,TA13,0.0
2493,TA14,TA14,0.0
2494,TA15,TA15,0.0
2495,TA16,TA16,0.0
2496,TA17,TA17,0.0
2497,TA18,TA18,0.0
2498,TA19,TA19,0.0
2499,TA2,TA2,0.0
2500,TA20,TA20,0.0
2501,TA21,TA21,0.0
2502,TA22,TA22,0.0
2503,TA23,TA23,0.0
2504,TA24,TA24,0.0
2505,TA3,TA3,0.0
2506,TA4,TA4,0.0
2507,TA5,TA5,0.0
2508,TA6,TA6,0.0
2509,TA7,TA7,0.0
2510,TA8,TA8,0.0
2511,TA9,TA9,0.0
2512,TD1,TD1,0.0
2513,TD10,TD10,0.0
2514,TD11,TD11,0.0
2515,TD12,TD12,0.0
2516,TD13,TD13,0.0
2517,TD14,TD14,0.0
2518,TD15,TD15,0.0
2519,TD2,TD2,0.0
2520,TD3,TD3,0.0
2521,TD4,TD4,0.0
2522,TD5,TD5,0.0
2523,TD6,TD6,0.0
2524,TD7,TD7,0.0
2525,TD8,TD8,0.0
2526,TD9,TD9,0.0
2527,TF1,TF1,0.0
2528,TF10,TF10,0.0
2529,TF11,TF11,0.0
2530,TF12,TF12,0.0
2531,TF13,TF13,0.0
2532,TF2,TF2,0.0
2533,TF3,TF3,0.0
2534,TF4,TF4,0.0
2535,TF5,TF5,0.0
2536,TF6,TF6,0.0
2537,TF7,TF7,0.0
2538,TF8,TF8,0.0
2539,TF9,TF9,0.0
2540,TN1,TN1,0.0
2541,TN10,TN10,0.0
2542,TN11,TN11,0.0
2543,TN12,TN12,0.0
2544,TN13,TN13,0.0
2545,TN14,TN14,0.0
2546,TN15,TN15,0.0
2547,TN16,TN16,0.0
2548,TN17,TN17,0.0
2549,TN18,TN18,0.0
2550,TN19,TN19,0.0
2551,TN2,TN2,0.0
2552,TN20,TN20,0.0
2553,TN21,TN21,0.0
2554,TN22,TN22,0.0
2555,TN23,TN23,0.0
2556,TN24,TN24,0.0
2557,TN25,TN25,0.0
2558,TN26,TN26,0.0
2559,TN27,TN27,0.0
2560,TN28,TN28,0.0
2561,TN29,TN29,0.0
2562,TN3,TN3,0.0
2563,TN30,TN30,0.0
2564,TN31,TN31,0.0
2565,TN32,TN32,0.0
2566,TN33,TN33,0.0
2567,TN34,TN34,0.0
2568,TN35,TN35,0.0
2569,TN36,TN36,0.0
2570,TN37,TN37,0.0
2571,TN38,TN38,0.0
2572,TN39,TN39,0.0
2573,TN4,TN4,0.0
2574,TN40,TN40,0.0
2575,TN5,TN5,0.0
2576,TN6,TN6,0.0
2577,TN7,TN7,0.0
2578,TN8,TN8,0.0
2579,TN9,TN9,0.0
2580,TQ1,TQ1,0.0
2581,TQ10,TQ10,0.0
2582,TQ11,TQ11,0.0
2583,TQ12,TQ12,0.0
2584,TQ13,TQ13,0.0
2585,TQ14,TQ14,0.0
2586,TQ2,TQ2,0.0
2587,TQ3,TQ3,0.0
2588,TQ4,TQ4,0.0
2589,TQ5,TQ5,0.0
2590,TQ6,TQ6,0.0
2591,TQ7,TQ7,0.0
2592,TQ8,TQ8,0.0
2593,TQ9,TQ9,0.0
2594,TR1,TR1,0.0
2595,TR10,TR10,0.0
2596,TR11,TR11,0.0
2597,TR12,TR12,0.0
2598,TR13,TR13,0.0
2599,TR14,TR14,0.0
2600,TR15,TR15,0.0
2601,TR16,TR16,0.0
2602,TR17,TR17,0.0
2603,TR18,TR18,0.0
2604,TR19,TR19,0.0
2605,TR2,TR2,0.0
2606,TR20,TR20,0.0
2607,TR21,TR21,0.0
2608,TR22,TR22,0.0
2609,TR23,TR23,0.0
2610,TR24,TR24,0.0
2611,TR25,TR25,0.0
2612,TR26,TR26,0.0
2613,TR27,TR27,0.0
2614,TR3,TR3,0.0
2615,TR4,TR4,0.0
2616,TR5,TR5,0.0
2617,TR6,TR6,0.0
2618,TR7,TR7,0.0
2619,TR8,TR8,0.0
2620,TR9,TR9,0.0
2621,TS1,TS1,0.0
2622,TS10,TS10,0.0
2623,TS11,TS11,0.0
2624,TS12,TS12,0.0
2625,TS13,TS13,0.0
2626,TS14,TS14,0.0
2627,TS15,TS15,0.0
2628,TS16,TS16,0.0
2629,TS17,TS17,0.0
2630,TS18,TS18,0.0
2631,TS19,TS19,0.0
2632,TS2,TS2,0.0
2633,TS20,TS20,0.0
2634,TS21,TS21,0.0
2635,TS22,TS22,0.0
2636,TS23,TS23,0.0
2637,TS24,TS24,0.0
2638,TS25,TS25,0.0
2639,TS26,TS26,0.0
2640,TS27,TS27,0.0
2641,TS28,TS28,0.0
2642,TS29,TS29,0.0
2643,TS3,TS3,0.0
2644,TS4,TS4,0.0
2645,TS5,TS5,0.0
2646,TS6,TS6,0.0
2647,TS7,TS7,0.0
2648,TS8,TS8,0.0
2649,TS9,TS9,0.0
2650,TW1,TW1,0.0
2651,TW10,TW10,0.0
2652,TW11,TW11,0.0
2653,TW12,TW12,0.0
2654,TW13,TW13,0.0
2655,TW14,TW14,0.0
2656,TW15,TW15,0.0
2657,TW16,TW16,0.0
2658,TW17,TW17,0.0
2659,TW18,TW18,0.0
2660,TW19,TW19,0.0
2661,TW2,TW2,0.0
2662,TW20,TW20,0.0
2663,TW3,TW3,0.0
2664,TW4,TW4,0.0
2665,TW5,TW5,0.0
2666,TW6,TW6,0.0
2667,TW7,TW7,0.0
2668,TW8,TW8,0.0
2669,TW9,TW9,0.0
2670,UB1,UB1,0.0
2671,UB10,UB10,0.0
2672,UB11,UB11,0.0
2673,UB2,UB2,0.0
2674,UB3,UB3,0.0
2675,UB4,UB4,0.0
2676,UB5,UB5,0.0
2677,UB6,UB6,0.0
2678,UB7,UB7,0.0
2679,UB8,UB8,0.0
2680,UB9,UB9,0.0
2681,W1,W1,0.0
2682,W10,W10,0.0
2683,W11,W11,0.0
2684,W12,W12,0.0
2685,W13,W13,0.0
2686,W14,W14,0.0
2687,W1B,W1B,0.0
2688,W1C,W1C,0.0
2689,W1D,W1D,0.0
2690,W1F,W1F,0.0
2691,W1G,W1G,0.0
2692,W1H,W1H,0.0
2693,W1J,W1J,0.0
2694,W1K,W1K,0.0
2695,W1M,W1M,0.0
2696,W1S,W1S,0.0
2697,W1T,W1T,0.0
2698,W1U,W1U,0.0
2699,W1W,W1W,0.0
2700,W2,W2,0.0
2701,W3,W3,0.0
2702,W4,W4,0.0
2703,W5,W5,0.0
2704,W6,W6,0.0
2705,W7,W7,0.0
2706,W8,W8,0.0
2707,W9,W9,0.0
2708,WA1,WA1,0.0
2709,WA10,WA10,0.0
2710,WA11,WA11,0.0
2711,WA12,WA12,0.0
2712,WA13,WA13,0.0
2713,WA14,WA14,0.0
2714,WA15,WA15,0.0
2715,WA16,WA16,0.0
2716,WA2,WA2,0.0
2717,WA3,WA3,0.0
2718,WA4,WA4,0.0
2719,WA5,WA5,0.0
2720,WA6,WA6,0.0
2721,WA7,WA7,0.0
2722,WA8,WA8,0.0
2723,WA9,WA9,0.0
2724,WC1,WC1,0.0
2725,WC1A,WC1A,0.0
2726,WC1B,WC1B,0.0
2727,WC1E,WC1E,0.0
2728,WC1H,WC1H,0.0
2729,WC1N,WC1N,0.0
2730,WC1R,WC1R,0.0
2731,WC1V,WC1V,0.0
2732,WC1X,WC1X,0.0
2733,WC2,WC2,0.0
2734,WC2A,WC2A,0.0
2735,WC2B,WC2B,0.0
2736,WC2E,WC2E,0.0
2737,WC2H,WC2H,0.0
2738,WC2N,WC2N,0.0
2739,WC2R,WC2R,0.0
2740,WD1,WD1,0.0
2741,WD17,WD17,0.0
2742,WD18,WD18,0.0
2743,WD19,WD19,0.0
2744,WD2,WD2,0.0
2745,WD23,WD23,0.0
2746,WD24,WD24,0.0
2747,WD25,WD25,0.0
2748,WD3,WD3,0.0
2749,WD4,WD4,0.0
2750,WD5,WD5,0.0
2751,WD6,WD6,0.0
2752,WD7,WD7,0.0
2753,WF1,WF1,0.0
2754,WF10,WF10,0.0
2755,WF11,WF11,0.0
2756,WF12,WF12,0.0
2757,WF13,WF13,0.0
2758,WF14,WF14,0.0
2759,WF15,WF15,0.0
2760,WF16,WF16,0.0
2761,WF17,WF17,0.0
2762,WF2,WF2,0.0
2763,WF3,WF3,0.0
2764,WF4,WF4,0.0
2765,WF5,WF5,0.0
2766,WF6,WF6,0.0
2767,WF7,WF7,0.0
2768,WF8,WF8,0.0
2769,WF9,WF9,0.0
2770,WN1,WN1,0.0
2771,WN2,WN2,0.0
2772,WN3,WN3,0.0
2773,WN4,WN4,0.0
2774,WN5,WN5,0.0
2775,WN6,WN6,0.0
2776,WN7,WN7,0.0
2777,WN8,WN8,0.0
2778,WR1,WR1,0.0
2779,WR10,WR10,0.0
2780,WR11,WR11,0.0
2781,WR12,WR12,0.0
2782,WR13,WR13,0.0
2783,WR14,WR14,0.0
2784,WR15,WR15,0.0
2785,WR2,WR2,0.0
2786,WR3,WR3,0.0
2787,WR4,WR4,0.0
2788,WR5,WR5,0.0
2789,WR6,WR6,0.0
2790,WR7,WR7,0.0
2791,WR8,WR8,0.0
2792,WR9,WR9,0.0
2793,WS1,WS1,0.0
2794,WS10,WS10,0.0
2795,WS11,WS11,0.0
2796,WS12,WS12,0.0
2797,WS13,WS13,0.0
2798,WS14,WS14,0.0
2799,WS15,WS15,0.0
2800,WS2,WS2,0.0
2801,WS3,WS3,0.0
2802,WS4,WS4,0.0
2803,WS5,WS5,0.0
2804,WS6,WS6,0.0
2805,WS7,WS7,0.0
2806,WS8,WS8,0.0
2807,WS9,WS9,0.0
2808,WV1,WV1,0.0
2809,WV10,WV10,0.0
2810,WV11,WV11,0.0
2811,WV12,WV12,0.0
2812,WV13,WV13,0.0
2813,WV14,WV14,0.0
2814,WV15,WV15,0.0
2815,WV16,WV16,0.0
2816,WV2,WV2,0.0
2817,WV3,WV3,0.0
2818,WV4,WV4,0.0
2819,WV5,WV5,0.0
2820,WV6,WV6,0.0
2821,WV7,WV7,0.0
2822,WV8,WV8,0.0
2823,WV9,WV9,0.0
2824,YO1,YO1,0.0
2825,YO10,YO10,0.0
2826,YO11,YO11,0.0
2827,YO12,YO12,0.0
2828,YO13,YO13,0.0
2829,YO14,YO14,0.0
2830,YO15,YO15,0.0
2831,YO16,YO16,0.0
2832,YO17,YO17,0.0
2833,YO18,YO18,0.0
2834,YO19,YO19,0.0
2835,YO21,YO21,0.0
2836,YO22,YO22,0.0
2837,YO23,YO23,0.0
2838,YO24,YO24,0.0
2839,YO25,YO25,0.0
2840,YO26,YO26,0.0
2841,YO30,YO30,0.0
2842,YO31,YO31,0.0
2843,YO32,YO32,0.0
2844,YO41,YO41,0.0
2845,YO42,YO42,0.0
2846,YO43,YO43,0.0
2847,YO51,YO51,0.0
2848,YO60,YO60,0.0
2849,YO61,YO61,0.0
2850,YO62,YO62,0.0
2851,YO7,YO7,0.0
2852,YO8,YO8,0.0
2853,ZE1,ZE1,0.0
2854,ZE2,ZE2,0.0
2855,ZE3,ZE3,0.0
2856,W1A,W1A,0.0
2857,BL11,BL11,0.0
2858,BL78,BL78,0.0
2859,BN50,BN50,0.0
2860,BN51,BN51,0.0
2861,BN52,BN52,0.0
2862,BN88,BN88,0.0
2863,BN99,BN99,0.0
2864,BS80,BS80,0.0
2865,BS98,BS98,0.0
2866,CA95,CA95,0.0
2867,CF30,CF30,0.0
2868,CF91,CF91,0.0
2869,CF95,CF95,0.0
2870,CF99,CF99,0.0
2871,CH25,CH25,0.0
2872,CH26,CH26,0.0
2873,CH27,CH27,0.0
2874,CH28,CH28,0.0
2875,CH29,CH29,0.0
2876,CH30,CH30,0.0
2877,CH31,CH31,0.0
2878,CH32,CH32,0.0
2879,CH33,CH33,0.0
2880,CH34,CH34,0.0
2881,CH70,CH70,0.0
2882,CH88,CH88,0.0
2883,CH99,CH99,0.0
2884,CM99,CM99,0.0
2885,CT50,CT50,0.0
2886,CW98,CW98,0.0
2887,DE99,DE99,0.0
2888,DH97,DH97,0.0
2889,DH98,DH98,0.0
2890,DH99,DH99,0.0
2891,DN55,DN55,0.0
2892,E77,E77,0.0
2893,E98,E98,0.0
2894,EC1P,EC1P,0.0
2895,EC4P,EC1P,0.0
2896,EC50,EC1P,0.0
2897,EH91,EH91,0.0
2898,EH95,EH95,0.0
2899,EH99,EH99,0.0
2900,FY0,FY0,0.0
2901,G58,G58,0.0
2902,G70,G70,0.0
2903,G75,G75,0.0
2904,G79,G79,0.0
2905,G9,G9,0.0
2906,G90,G90,0.0
2907,GU95,GU95,0.0
2908,IP98,IP98,0.0
2909,KY99,KY99,0.0
2910,L67,L67,0.0
2911,L68,L68,0.0
2912,L71,L71,0.0
2913,L72,L72,0.0
2914,L73,L73,0.0
2915,L74,L74,0.0
2916,L75,L75,0.0
2917,LE21,LE21,0.0
2918,LE41,LE41,0.0
2919,LE55,LE55,0.0
2920,LE87,LE87,0.0
2921,LE94,LE94,0.0
2922,LE95,LE95,0.0
2923,LS88,LS88,0.0
2924,LS98,LS98,0.0
2925,LS99,LS99,0.0
2926,M50,M50,0.0
2927,M99,M99,0.0
2928,MK77,MK77,0.0
2929,N1P,N1P,0.0
2930,NE82,NE82,0.0
2931,NE83,DH98,0.0
2932,NE85,NE85,0.0
2933,NE88,NE88,0.0
2934,NE92,NE88,0.0
2935,NE98,NE98,0.0
2936,NG70,NG70,0.0
2937,NG80,NG80,0.0
2938,NG90,NG90,0.0
2939,NW1W,NW1W,0.0
2940,OL95,OL95,0.0
2941,PH37,PH37,0.0
2942,PL95,PL95,0.0
2943,PR0,PR0,0.0
2944,PR11,PR11,0.0
2945,S49,S49,0.0
2946,S96,S96,0.0
2947,S97,S97,0.0
2948,S98,S98,0.0
2949,S99,S99,0.0
2950,SA80,SA80,0.0
2951,SA99,SA99,0.0
2952,SE1P,SE1P,0.0
2953,SL95,SL95,0.0
2954,SN38,SN38,0.0
2955,SN99,SN99,0.0
2956,SS22,SS22,0.0
2957,SS99,SS99,0.0
2958,ST55,ST55,0.0
2959,SW99,SW99,0.0
2960,TR93,TR93,0.0
2961,UB18,UB18,0.0
2962,WA55,WA55,0.0
2963,WA88,WA88,0.0
2964,WR78,WR78,0.0
2965,WR99,WR99,0.0
2966,YO90,YO90,0.0
2967,YO91,YO91,0.0
2968,E20,E20,0.0
2969,B99,B99,0.0
2970,BB94,BB94,0.0
2971,BD97,BD97,0.0
2972,BD98,BD98,0.0
2973,BD99,BD99,0.0
2974,SL60,SL60,0.0
2975,WF90,WF90,0.0
2976,N81,WF90,0.0
2977,SW95,WF90,0.0
2978,RH77,WF90,0.0
2979,WD99,WF90,0.0
2980,CR90,WF90,0.0
2981,SY99,WF90,0.0
2982,M61,WF90,0.0
2983,SO97,WF90,0.0
2984,ME99,WF90,0.0
2985,CR44,WF90,0.0
2986,PE99,WF90,0.0
2987,CM92,WF90,0.0
2988,CM98,WF90,0.0
2989,AB99,WF90,0.0
2990,NW26,WF90,0.0
2991,NR99,WF90,0.0
2992,N1C,WF90,0.0
2993,CA99,CA99,0.0
2994,IV99,IV99,0.0
2995,BN91,WF90,0.0
2997,SO25,WF90,0.0
2998,DL98,WF90,0.0
2999,EN77,WF90,0.0
3000,WV99,WF90,0.0
3001,WV98,WF90,0.0
3002,S95,WF90,0.0
3003,PA80,WF90,0.0
3004,L80,WF90,0.0
3005,BS0,WF90,0.0
